imageFileName,gbifIDPlant,speciesPlant,scorePlant,scientificNameBird,gbifIDBird,decimalLatitude,decimalLongitude,coordinateUncertaintyInMeters,continent,stateProvince,year,month,day,eventDate,dateFieldsValid,creator,publisher,license,rightsHolder,identifier,projectID,identificationDateTime
52221925267_82ab46598e_b_4176441938_1.jpg,7290349,Pleopeltis macrocarpa,1.489,"Coeligena wilsoni (Delattre & Bourcier, 1846)",2477042,0.161854,-78.853279,250.0,SOUTH_AMERICA,nan,,,,2021-12-18T00:00,False,Unknown,Unknown,Unknown,Unknown,https://live.staticflickr.com/65535/52221925267_82ab46598e_b.jpg; https://live.staticflickr.com/65535/52222927951_2ed785f13d_b.jpg,k-western-south-america,2024-10-25 23:10:07
52222927951_2ed785f13d_b_4176441938_2.jpg,2949366,Aeschynomene villosa,4.5969999999999995,"Coeligena wilsoni (Delattre & Bourcier, 1846)",2477042,0.161854,-78.853279,250.0,SOUTH_AMERICA,nan,,,,2021-12-18T00:00,False,Unknown,Unknown,Unknown,Unknown,https://live.staticflickr.com/65535/52221925267_82ab46598e_b.jpg; https://live.staticflickr.com/65535/52222927951_2ed785f13d_b.jpg,k-western-south-america,2024-10-25 23:10:11
original_1802641176_1.jpeg,2979199,Acaciella villosa,1.864,"Coeligena wilsoni (Delattre & Bourcier, 1846)",2477042,-0.076723,-78.789997,100.0,SOUTH_AMERICA,Pichincha,,,,2015-10-20T09:34,False,danielboyes,iNaturalist,http://creativecommons.org/licenses/by-nc/4.0/,danielboyes,https://inaturalist-open-data.s3.amazonaws.com/photos/11666797/original.jpeg,k-western-south-america,2024-10-25 23:10:41
original_1807323342_1.jpeg,8368994,Passiflora mixta,9.851,"Coeligena wilsoni (Delattre & Bourcier, 1846)",2477042,-0.029475,-78.752773,,SOUTH_AMERICA,Pichincha,,,,2018-02-03T11:21,False,charley,iNaturalist,http://creativecommons.org/licenses/by-nc/4.0/,charley,https://inaturalist-open-data.s3.amazonaws.com/photos/13379598/original.jpeg,k-western-south-america,2024-10-25 23:10:46
original_1837780090_1.jpg,2651039,Elaphoglossum peltatum,4.1290000000000004,"Coeligena wilsoni (Delattre & Bourcier, 1846)",2477042,5.24075,-76.0922,,SOUTH_AMERICA,Risaralda,,,,2018-03-10,False,Luis G Restrepo,iNaturalist,http://creativecommons.org/licenses/by-nc/4.0/,Luis G Restrepo,https://inaturalist-open-data.s3.amazonaws.com/photos/14856836/original.jpg,k-western-south-america,2024-10-25 23:10:50
original_1933568332_1.jpeg,4093319,Delostoma integrifolium,6.209,"Coeligena wilsoni (Delattre & Bourcier, 1846)",2477042,0.020149,-78.707239,116.0,SOUTH_AMERICA,Pichincha,,,,2017-04-07T08:55,False,Chuck Gates,iNaturalist,http://creativecommons.org/licenses/by-nc/4.0/,Chuck Gates,https://inaturalist-open-data.s3.amazonaws.com/photos/27373695/original.jpeg,k-western-south-america,2024-10-25 23:10:55
original_1935581385_1.jpg,2874569,Cucumis sativus,5.7860000000000005,"Coeligena wilsoni (Delattre & Bourcier, 1846)",2477042,0.165901,-78.877605,212.0,SOUTH_AMERICA,Pichincha,,,,2017-05-21T12:42,False,Car Re,iNaturalist,http://creativecommons.org/licenses/by-nc/4.0/,Car Re,https://inaturalist-open-data.s3.amazonaws.com/photos/25171522/original.jpg,k-western-south-america,2024-10-25 23:10:56
original_1990525235_1.jpeg,5412457,Centropogon solanifolius,1.9609999999999999,"Coeligena wilsoni (Delattre & Bourcier, 1846)",2477042,-0.0245,-78.72461,,SOUTH_AMERICA,Pichincha,,,,2018-09-02T10:33,False,Anneke Jonker,iNaturalist,http://creativecommons.org/licenses/by-nc/4.0/,Anneke Jonker,https://inaturalist-open-data.s3.amazonaws.com/photos/30365446/original.jpeg,k-western-south-america,2024-10-25 23:11:05
original_1990532291_1.jpeg,2874711,Begonia foliosa,3.5589999999999997,"Coeligena wilsoni (Delattre & Bourcier, 1846)",2477042,-0.02958,-78.75278,,SOUTH_AMERICA,Pichincha,,,,2018-09-03T14:48,False,Anneke Jonker,iNaturalist,http://creativecommons.org/licenses/by-nc/4.0/,Anneke Jonker,https://inaturalist-open-data.s3.amazonaws.com/photos/30395691/original.jpeg,k-western-south-america,2024-10-25 23:11:08
original_1990532371_1.jpeg,3189950,Paullinia pinnata,1.348,"Coeligena wilsoni (Delattre & Bourcier, 1846)",2477042,-0.02958,-78.75278,,SOUTH_AMERICA,Pichincha,,,,2018-09-03T15:45,False,Anneke Jonker,iNaturalist,http://creativecommons.org/licenses/by-nc/4.0/,Anneke Jonker,https://inaturalist-open-data.s3.amazonaws.com/photos/30395738/original.jpeg,k-western-south-america,2024-10-25 23:11:11
original_2005316438_1.jpg,2651850,Adiantum macrophyllum,2.177,"Coeligena wilsoni (Delattre & Bourcier, 1846)",2477042,-0.026765,-78.75937,,SOUTH_AMERICA,Pichincha,,,,2019-01-10,False,dushenkov,iNaturalist,http://creativecommons.org/licenses/by-nc/4.0/,dushenkov,https://inaturalist-open-data.s3.amazonaws.com/photos/31314982/original.jpg,k-western-south-america,2024-10-25 23:11:13
original_2237467918_1.jpg,2925454,Stachytarpheta cayennensis,10.143,"Coeligena wilsoni (Delattre & Bourcier, 1846)",2477042,-0.010175,-78.675913,,SOUTH_AMERICA,Pichincha,,,,2012-01-03T15:18,False,Chris Harrison,iNaturalist,http://creativecommons.org/licenses/by-nc/4.0/,Chris Harrison,https://inaturalist-open-data.s3.amazonaws.com/photos/35374416/original.jpg,k-western-south-america,2024-10-25 23:11:21
original_2265907365_1.jpeg,3709280,Picramnia ramiflora,4.055000000000001,"Coeligena wilsoni (Delattre & Bourcier, 1846)",2477042,0.106894,-78.628765,130.0,SOUTH_AMERICA,Pichincha,,,,2019-06-13,False,Holger Beck,iNaturalist,http://creativecommons.org/licenses/by-nc/4.0/,Holger Beck,https://inaturalist-open-data.s3.amazonaws.com/photos/41872808/original.jpeg,k-western-south-america,2024-10-25 23:11:23
original_2397658760_1.jpg,2734551,Chamaedorea tepejilote,42.870000000000005,"Coeligena wilsoni (Delattre & Bourcier, 1846)",2477042,-0.028839,-78.762188,248.0,SOUTH_AMERICA,Pichincha,,,,2019-08-18T15:38,False,Judy Gallagher,iNaturalist,http://creativecommons.org/licenses/by-sa/4.0/,Judy Gallagher,https://inaturalist-open-data.s3.amazonaws.com/photos/50001183/original.jpg,k-western-south-america,2024-10-25 23:11:26
original_2422940367_1.jpeg,2870714,Philodendron deflexum,1.636,"Coeligena wilsoni (Delattre & Bourcier, 1846)",2477042,0.118406,-78.61208,15.0,SOUTH_AMERICA,Pichincha,,,,2019-09-03T14:50,False,Holger Beck,iNaturalist,http://creativecommons.org/licenses/by-nc/4.0/,Holger Beck,https://inaturalist-open-data.s3.amazonaws.com/photos/50549436/original.jpeg,k-western-south-america,2024-10-25 23:11:28
original_2423044401_1.jpeg,2888601,Viburnum lantanoides,1.151,"Coeligena wilsoni (Delattre & Bourcier, 1846)",2477042,-0.026744,-78.705847,5456.0,SOUTH_AMERICA,Pichincha,,,,2011-01-21T00:00,False,subhashc,iNaturalist,http://creativecommons.org/licenses/by-nc/4.0/,subhashc,https://inaturalist-open-data.s3.amazonaws.com/photos/51182239/original.jpg; https://inaturalist-open-data.s3.amazonaws.com/photos/51182245/original.jpg; https://inaturalist-open-data.s3.amazonaws.com/photos/51182254/original.jpeg; https://inaturalist-open-data.s3.amazonaws.com/photos/51182259/original.jpeg,k-western-south-america,2024-10-25 23:11:31
original_2423044401_2.jpg,8368994,Passiflora mixta,0.642,"Coeligena wilsoni (Delattre & Bourcier, 1846)",2477042,-0.026744,-78.705847,5456.0,SOUTH_AMERICA,Pichincha,,,,2011-01-21T00:00,False,subhashc,iNaturalist,http://creativecommons.org/licenses/by-nc/4.0/,subhashc,https://inaturalist-open-data.s3.amazonaws.com/photos/51182239/original.jpg; https://inaturalist-open-data.s3.amazonaws.com/photos/51182245/original.jpg; https://inaturalist-open-data.s3.amazonaws.com/photos/51182254/original.jpeg; https://inaturalist-open-data.s3.amazonaws.com/photos/51182259/original.jpeg,k-western-south-america,2024-10-25 23:11:33
original_2465139495_1.jpeg,3649222,Vantanea guianensis,1.332,"Coeligena wilsoni (Delattre & Bourcier, 1846)",2477042,0.118406,-78.61208,250.0,SOUTH_AMERICA,Pichincha,,,,2009-12-07T15:15,False,Holger Beck,iNaturalist,http://creativecommons.org/licenses/by-nc/4.0/,Holger Beck,https://inaturalist-open-data.s3.amazonaws.com/photos/56900005/original.jpeg,k-western-south-america,2024-10-25 23:11:42
original_2563642656_1.jpeg,3778854,Sanchezia oblonga,86.355,"Coeligena wilsoni (Delattre & Bourcier, 1846)",2477042,1.285835,-78.075826,245.0,SOUTH_AMERICA,Nariño,,,,2017-10-30T13:21,False,Jeff Harding,iNaturalist,http://creativecommons.org/licenses/by-nc/4.0/,Jeff Harding,https://inaturalist-open-data.s3.amazonaws.com/photos/60494048/original.jpeg,k-western-south-america,2024-10-25 23:11:55
original_2574152458_1.jpeg,5288518,Pitcairnia heterophylla,3.251,"Coeligena wilsoni (Delattre & Bourcier, 1846)",2477042,0.025411,-78.632701,4.0,SOUTH_AMERICA,Pichincha,,,,2020-02-16T15:03,False,David Torres,iNaturalist,http://creativecommons.org/licenses/by-nc/4.0/,David Torres,https://inaturalist-open-data.s3.amazonaws.com/photos/61627314/original.jpeg; https://inaturalist-open-data.s3.amazonaws.com/photos/61627321/original.jpeg,k-western-south-america,2024-10-25 23:12:11
original_2574152458_2.jpeg,5288518,Pitcairnia heterophylla,1.69,"Coeligena wilsoni (Delattre & Bourcier, 1846)",2477042,0.025411,-78.632701,4.0,SOUTH_AMERICA,Pichincha,,,,2020-02-16T15:03,False,David Torres,iNaturalist,http://creativecommons.org/licenses/by-nc/4.0/,David Torres,https://inaturalist-open-data.s3.amazonaws.com/photos/61627314/original.jpeg; https://inaturalist-open-data.s3.amazonaws.com/photos/61627321/original.jpeg,k-western-south-america,2024-10-25 23:12:13
original_2574214401_1.jpeg,2872887,Anthurium salvinii,2.798,"Coeligena wilsoni (Delattre & Bourcier, 1846)",2477042,0.025361,-78.632692,4.0,SOUTH_AMERICA,Pichincha,,,,2020-02-16T11:21,False,David Torres,iNaturalist,http://creativecommons.org/licenses/by-nc/4.0/,David Torres,https://inaturalist-open-data.s3.amazonaws.com/photos/61626275/original.jpeg; https://inaturalist-open-data.s3.amazonaws.com/photos/61626280/original.jpeg; https://inaturalist-open-data.s3.amazonaws.com/photos/61626284/original.jpeg; https://inaturalist-open-data.s3.amazonaws.com/photos/61626288/original.jpeg; https://inaturalist-open-data.s3.amazonaws.com/photos/61626292/original.jpeg,k-western-south-america,2024-10-25 23:12:15
original_2574214401_2.jpeg,2754207,Bomarea multiflora,5.489,"Coeligena wilsoni (Delattre & Bourcier, 1846)",2477042,0.025361,-78.632692,4.0,SOUTH_AMERICA,Pichincha,,,,2020-02-16T11:21,False,David Torres,iNaturalist,http://creativecommons.org/licenses/by-nc/4.0/,David Torres,https://inaturalist-open-data.s3.amazonaws.com/photos/61626275/original.jpeg; https://inaturalist-open-data.s3.amazonaws.com/photos/61626280/original.jpeg; https://inaturalist-open-data.s3.amazonaws.com/photos/61626284/original.jpeg; https://inaturalist-open-data.s3.amazonaws.com/photos/61626288/original.jpeg; https://inaturalist-open-data.s3.amazonaws.com/photos/61626292/original.jpeg,k-western-south-america,2024-10-25 23:12:18
original_2574214401_4.jpeg,2760973,Heliconia episcopalis,2.019,"Coeligena wilsoni (Delattre & Bourcier, 1846)",2477042,0.025361,-78.632692,4.0,SOUTH_AMERICA,Pichincha,,,,2020-02-16T11:21,False,David Torres,iNaturalist,http://creativecommons.org/licenses/by-nc/4.0/,David Torres,https://inaturalist-open-data.s3.amazonaws.com/photos/61626275/original.jpeg; https://inaturalist-open-data.s3.amazonaws.com/photos/61626280/original.jpeg; https://inaturalist-open-data.s3.amazonaws.com/photos/61626284/original.jpeg; https://inaturalist-open-data.s3.amazonaws.com/photos/61626288/original.jpeg; https://inaturalist-open-data.s3.amazonaws.com/photos/61626292/original.jpeg,k-western-south-america,2024-10-25 23:12:22
original_2574214401_5.jpeg,2754074,Bomarea pardina,3.856,"Coeligena wilsoni (Delattre & Bourcier, 1846)",2477042,0.025361,-78.632692,4.0,SOUTH_AMERICA,Pichincha,,,,2020-02-16T11:21,False,David Torres,iNaturalist,http://creativecommons.org/licenses/by-nc/4.0/,David Torres,https://inaturalist-open-data.s3.amazonaws.com/photos/61626275/original.jpeg; https://inaturalist-open-data.s3.amazonaws.com/photos/61626280/original.jpeg; https://inaturalist-open-data.s3.amazonaws.com/photos/61626284/original.jpeg; https://inaturalist-open-data.s3.amazonaws.com/photos/61626288/original.jpeg; https://inaturalist-open-data.s3.amazonaws.com/photos/61626292/original.jpeg,k-western-south-america,2024-10-25 23:12:24
original_2576417565_1.jpg,2984498,Celtis iguanaea,4.79,"Coeligena wilsoni (Delattre & Bourcier, 1846)",2477042,-0.048717,-78.775198,2169.0,SOUTH_AMERICA,Pichincha,,,,2019-12-23T05:58,False,Andy Pearce 🕊,iNaturalist,http://creativecommons.org/licenses/by-nc/4.0/,Andy Pearce 🕊,https://inaturalist-open-data.s3.amazonaws.com/photos/62463987/original.jpg,k-western-south-america,2024-10-25 23:12:27
original_2596324239_1.jpeg,2705781,Hymenachne amplexicaulis,3.174,"Coeligena wilsoni (Delattre & Bourcier, 1846)",2477042,0.118406,-78.61208,500.0,SOUTH_AMERICA,Pichincha,,,,2013-03-10T09:20,False,Holger Beck,iNaturalist,http://creativecommons.org/licenses/by-nc/4.0/,Holger Beck,https://inaturalist-open-data.s3.amazonaws.com/photos/64646885/original.jpeg,k-western-south-america,2024-10-25 23:12:31
original_2597859028_1.jpeg,2792457,Polystachya concreta,7.085,"Coeligena wilsoni (Delattre & Bourcier, 1846)",2477042,0.118406,-78.61208,350.0,SOUTH_AMERICA,Pichincha,,,,2013-07-02T10:33,False,Holger Beck,iNaturalist,http://creativecommons.org/licenses/by-nc/4.0/,Holger Beck,https://inaturalist-open-data.s3.amazonaws.com/photos/65506666/original.jpeg,k-western-south-america,2024-10-25 23:12:34
original_2609102583_1.jpeg,5383279,Margaritaria nobilis,9.898,"Coeligena wilsoni (Delattre & Bourcier, 1846)",2477042,0.028756,-78.716698,,SOUTH_AMERICA,Pichincha,,,,2019-02-09T20:29,False,blackdogto,iNaturalist,http://creativecommons.org/licenses/by-nc/4.0/,blackdogto,https://inaturalist-open-data.s3.amazonaws.com/photos/67444770/original.jpeg,k-western-south-america,2024-10-25 23:12:39
original_2626236091_1.jpeg,3083180,Bertholletia excelsa,4.106,"Coeligena wilsoni (Delattre & Bourcier, 1846)",2477042,0.118406,-78.61208,450.0,SOUTH_AMERICA,Pichincha,,,,2015-10-07T15:41,False,Holger Beck,iNaturalist,http://creativecommons.org/licenses/by-nc/4.0/,Holger Beck,https://inaturalist-open-data.s3.amazonaws.com/photos/74126405/original.jpeg,k-western-south-america,2024-10-25 23:12:45
original_2626347479_1.jpeg,3169628,Tabernaemontana alba,2.0500000000000003,"Coeligena wilsoni (Delattre & Bourcier, 1846)",2477042,-0.02656,-78.759393,201.0,SOUTH_AMERICA,Pichincha,,,,2009-11-28T23:43,False,Andrés León-Reyes,iNaturalist,http://creativecommons.org/licenses/by-nc/4.0/,Andrés León-Reyes,https://inaturalist-open-data.s3.amazonaws.com/photos/73610427/original.jpeg,k-western-south-america,2024-10-25 23:12:47
original_2626605158_1.jpeg,2739059,Iriartea deltoidea,2.242,"Coeligena wilsoni (Delattre & Bourcier, 1846)",2477042,0.118406,-78.61208,2400.0,SOUTH_AMERICA,Pichincha,,,,2015-02-11T12:17,False,Holger Beck,iNaturalist,http://creativecommons.org/licenses/by-nc/4.0/,Holger Beck,https://inaturalist-open-data.s3.amazonaws.com/photos/73168127/original.jpeg,k-western-south-america,2024-10-25 23:12:49
original_2814278659_1.jpg,5834757,Mouriri sagotiana,3.6540000000000004,"Coeligena wilsoni (Delattre & Bourcier, 1846)",2477042,5.2516,-76.1106,,SOUTH_AMERICA,Risaralda,,,,2019-10-13T14:24,False,David Monroy R,iNaturalist,http://creativecommons.org/licenses/by-nc/4.0/,David Monroy R,https://inaturalist-open-data.s3.amazonaws.com/photos/83451286/original.jpg,k-western-south-america,2024-10-25 23:12:59
original_2850767882_1.jpg,2943053,Chloroleucon mangense,2.753,"Coeligena wilsoni (Delattre & Bourcier, 1846)",2477042,-0.030302,-78.763797,,SOUTH_AMERICA,Pichincha,,,,2020-01-15T12:19,False,djhird,iNaturalist,http://creativecommons.org/licenses/by-nc/4.0/,djhird,https://inaturalist-open-data.s3.amazonaws.com/photos/90116915/original.jpg,k-western-south-america,2024-10-25 23:13:05
original_2851259497_1.jpg,7222047,Heisteria acuminata,8.865,"Coeligena wilsoni (Delattre & Bourcier, 1846)",2477042,-0.030302,-78.763797,,SOUTH_AMERICA,Pichincha,,,,2020-01-14T07:09,False,djhird,iNaturalist,http://creativecommons.org/licenses/by-nc/4.0/,djhird,https://inaturalist-open-data.s3.amazonaws.com/photos/90784117/original.jpg,k-western-south-america,2024-10-25 23:13:08
original_2862305945_1.jpeg,3086333,Piper amalago,4.147,"Coeligena wilsoni (Delattre & Bourcier, 1846)",2477042,0.025566,-78.69608,263.0,SOUTH_AMERICA,Pichincha,,,,2015-11-14T11:06:23,False,Nelson Apolo,iNaturalist,http://creativecommons.org/licenses/by-nc/4.0/,Nelson Apolo,https://inaturalist-open-data.s3.amazonaws.com/photos/93908482/original.jpeg,k-western-south-america,2024-10-25 23:13:12
original_2984404383_1.jpeg,3190647,Quassia amara,1.973,"Coeligena wilsoni (Delattre & Bourcier, 1846)",2477042,-0.025,-78.758,250.0,SOUTH_AMERICA,Pichincha,,,,2007-08-15T05:11,False,Pete Woodall,iNaturalist,http://creativecommons.org/licenses/by-nc/4.0/,Pete Woodall,https://inaturalist-open-data.s3.amazonaws.com/photos/73045345/original.jpeg,k-western-south-america,2024-10-25 23:13:17
original_2984416953_1.jpeg,2979775,Acacia mearnsii,1.031,"Coeligena wilsoni (Delattre & Bourcier, 1846)",2477042,0.020149,-78.707239,212.0,SOUTH_AMERICA,Pichincha,,,,2013-12-04T09:24,False,Tom Murray,iNaturalist,http://creativecommons.org/licenses/by-nc/4.0/,Tom Murray,https://inaturalist-open-data.s3.amazonaws.com/photos/104058150/original.jpeg,k-western-south-america,2024-10-25 23:13:19
original_2988334612_1.jpg,5307512,Peristeria guttata,5.101,"Coeligena wilsoni (Delattre & Bourcier, 1846)",2477042,-0.030288,-78.763805,,SOUTH_AMERICA,Pichincha,,,,2020-01-16T09:37,False,djhird,iNaturalist,http://creativecommons.org/licenses/by-nc/4.0/,djhird,https://inaturalist-open-data.s3.amazonaws.com/photos/89885685/original.jpg,k-western-south-america,2024-10-25 23:13:25
original_2988422368_1.jpeg,2932944,Capsicum annuum,1.54,"Coeligena wilsoni (Delattre & Bourcier, 1846)",2477042,-0.024721,-78.724557,91.0,SOUTH_AMERICA,Pichincha,,,,2019-08-21T12:05,False,Christoph Moning,iNaturalist,http://creativecommons.org/licenses/by/4.0/,Christoph Moning,https://inaturalist-open-data.s3.amazonaws.com/photos/104814103/original.jpeg,k-western-south-america,2024-10-25 23:13:27
original_2988717336_1.jpeg,2792457,Polystachya concreta,2.719,"Coeligena wilsoni (Delattre & Bourcier, 1846)",2477042,-0.024616,-78.724565,72.0,SOUTH_AMERICA,Pichincha,,,,2019-08-21T13:42,False,Christoph Moning,iNaturalist,http://creativecommons.org/licenses/by/4.0/,Christoph Moning,https://inaturalist-open-data.s3.amazonaws.com/photos/104815277/original.jpeg,k-western-south-america,2024-10-25 23:13:32
original_2992656886_1.jpg,5320021,Epidendrum nocturnum,14.618999999999998,"Coeligena wilsoni (Delattre & Bourcier, 1846)",2477042,-0.006951,-78.720992,1244.0,SOUTH_AMERICA,Pichincha,,,,2020-11-01T10:45,False,Alicia Arzani,iNaturalist,http://creativecommons.org/licenses/by-nc/4.0/,Alicia Arzani,https://inaturalist-open-data.s3.amazonaws.com/photos/106124425/original.jpg,k-western-south-america,2024-10-25 23:13:35
original_3013870316_1.jpeg,2792457,Polystachya concreta,15.120000000000001,"Coeligena wilsoni (Delattre & Bourcier, 1846)",2477042,-0.075188,-78.753948,122.0,SOUTH_AMERICA,Pichincha,,,,2016-04-22T18:29,False,Michael Bakker Paiva,iNaturalist,http://creativecommons.org/licenses/by/4.0/,Michael Bakker Paiva,https://inaturalist-open-data.s3.amazonaws.com/photos/10328997/original.jpeg,k-western-south-america,2024-10-25 23:13:38
original_3013875743_1.jpg,5387098,Dahlia coccinea,15.516,"Coeligena wilsoni (Delattre & Bourcier, 1846)",2477042,-0.02656,-78.759393,201.0,SOUTH_AMERICA,Pichincha,,,,2016-12-22T09:48,False,Andy Pearce 🕊,iNaturalist,http://creativecommons.org/licenses/by-nc/4.0/,Andy Pearce 🕊,https://inaturalist-open-data.s3.amazonaws.com/photos/108265229/original.jpg,k-western-south-america,2024-10-25 23:13:41
original_3013989342_2.jpeg,3083180,Bertholletia excelsa,1.6179999999999999,"Coeligena wilsoni (Delattre & Bourcier, 1846)",2477042,-0.026951,-78.749914,494.0,SOUTH_AMERICA,Pichincha,,,,2018-04-24T07:48,False,Michael Bakker Paiva,iNaturalist,http://creativecommons.org/licenses/by/4.0/,Michael Bakker Paiva,https://inaturalist-open-data.s3.amazonaws.com/photos/18115834/original.jpeg; https://inaturalist-open-data.s3.amazonaws.com/photos/18115849/original.jpeg,k-western-south-america,2024-10-25 23:13:46
original_3031751587_1.jpg,5387098,Dahlia coccinea,4.537999999999999,"Coeligena wilsoni (Delattre & Bourcier, 1846)",2477042,-0.010691,-78.730799,212.0,SOUTH_AMERICA,Pichincha,,,,2017-01-01T11:53,False,Andy Pearce 🕊,iNaturalist,http://creativecommons.org/licenses/by-nc/4.0/,Andy Pearce 🕊,https://inaturalist-open-data.s3.amazonaws.com/photos/110988526/original.jpg,k-western-south-america,2024-10-25 23:13:48
original_3032025232_1.jpg,7918469,Nymphaea rudgeana,1.772,"Coeligena wilsoni (Delattre & Bourcier, 1846)",2477042,0.159708,-78.853647,,SOUTH_AMERICA,Pichincha,,,,2018-11-20T12:39,False,Morten Ross,iNaturalist,http://creativecommons.org/licenses/by-nc/4.0/,Morten Ross,https://inaturalist-open-data.s3.amazonaws.com/photos/110529517/original.jpg,k-western-south-america,2024-10-25 23:13:51
original_3032162823_1.jpg,3681615,Ipomoea cholulensis,6.267,"Coeligena wilsoni (Delattre & Bourcier, 1846)",2477042,0.020149,-78.707239,212.0,SOUTH_AMERICA,Pichincha,,,,2020-11-18T14:08Z,False,brewmaster,iNaturalist,http://creativecommons.org/licenses/by-nc/4.0/,brewmaster,https://inaturalist-open-data.s3.amazonaws.com/photos/111134199/original.jpg; https://inaturalist-open-data.s3.amazonaws.com/photos/111134206/original.jpg; https://inaturalist-open-data.s3.amazonaws.com/photos/111134215/original.jpg,k-western-south-america,2024-10-25 23:13:56
original_3032162823_2.jpg,5415361,Dicliptera sexangularis,4.737,"Coeligena wilsoni (Delattre & Bourcier, 1846)",2477042,0.020149,-78.707239,212.0,SOUTH_AMERICA,Pichincha,,,,2020-11-18T14:08Z,False,brewmaster,iNaturalist,http://creativecommons.org/licenses/by-nc/4.0/,brewmaster,https://inaturalist-open-data.s3.amazonaws.com/photos/111134199/original.jpg; https://inaturalist-open-data.s3.amazonaws.com/photos/111134206/original.jpg; https://inaturalist-open-data.s3.amazonaws.com/photos/111134215/original.jpg,k-western-south-america,2024-10-25 23:13:58
original_3067816273_1.jpg,4173060,Psammisia coarctata,8.569,"Coeligena wilsoni (Delattre & Bourcier, 1846)",2477042,0.002971,-78.678628,15.0,SOUTH_AMERICA,Pichincha,,,,2020-02-24T09:49,False,John Eppler,iNaturalist,http://creativecommons.org/licenses/by-nc/4.0/,John Eppler,https://inaturalist-open-data.s3.amazonaws.com/photos/101450488/original.jpg,k-western-south-america,2024-10-25 23:14:19
original_3090881896_1.jpg,3623397,Gurania lobata,6.4879999999999995,"Coeligena wilsoni (Delattre & Bourcier, 1846)",2477042,0.1597,-78.853652,,SOUTH_AMERICA,Pichincha,,,,2018-11-20T12:39,False,Morten Ross,iNaturalist,http://creativecommons.org/licenses/by-nc/4.0/,Morten Ross,https://inaturalist-open-data.s3.amazonaws.com/photos/120794086/original.jpg; https://inaturalist-open-data.s3.amazonaws.com/photos/122834003/original.jpg; https://inaturalist-open-data.s3.amazonaws.com/photos/122834020/original.jpg; https://inaturalist-open-data.s3.amazonaws.com/photos/122834034/original.jpg,k-western-south-america,2024-10-25 23:14:25
original_3090881896_2.jpg,4173060,Psammisia coarctata,3.3099999999999996,"Coeligena wilsoni (Delattre & Bourcier, 1846)",2477042,0.1597,-78.853652,,SOUTH_AMERICA,Pichincha,,,,2018-11-20T12:39,False,Morten Ross,iNaturalist,http://creativecommons.org/licenses/by-nc/4.0/,Morten Ross,https://inaturalist-open-data.s3.amazonaws.com/photos/120794086/original.jpg; https://inaturalist-open-data.s3.amazonaws.com/photos/122834003/original.jpg; https://inaturalist-open-data.s3.amazonaws.com/photos/122834020/original.jpg; https://inaturalist-open-data.s3.amazonaws.com/photos/122834034/original.jpg,k-western-south-america,2024-10-25 23:14:27
original_3090881896_3.jpg,3623397,Gurania lobata,12.997,"Coeligena wilsoni (Delattre & Bourcier, 1846)",2477042,0.1597,-78.853652,,SOUTH_AMERICA,Pichincha,,,,2018-11-20T12:39,False,Morten Ross,iNaturalist,http://creativecommons.org/licenses/by-nc/4.0/,Morten Ross,https://inaturalist-open-data.s3.amazonaws.com/photos/120794086/original.jpg; https://inaturalist-open-data.s3.amazonaws.com/photos/122834003/original.jpg; https://inaturalist-open-data.s3.amazonaws.com/photos/122834020/original.jpg; https://inaturalist-open-data.s3.amazonaws.com/photos/122834034/original.jpg,k-western-south-america,2024-10-25 23:14:29
original_3090881896_4.jpg,4173060,Psammisia coarctata,6.226,"Coeligena wilsoni (Delattre & Bourcier, 1846)",2477042,0.1597,-78.853652,,SOUTH_AMERICA,Pichincha,,,,2018-11-20T12:39,False,Morten Ross,iNaturalist,http://creativecommons.org/licenses/by-nc/4.0/,Morten Ross,https://inaturalist-open-data.s3.amazonaws.com/photos/120794086/original.jpg; https://inaturalist-open-data.s3.amazonaws.com/photos/122834003/original.jpg; https://inaturalist-open-data.s3.amazonaws.com/photos/122834020/original.jpg; https://inaturalist-open-data.s3.amazonaws.com/photos/122834034/original.jpg,k-western-south-america,2024-10-25 23:14:32
original_3112714287_1.jpeg,9390953,Schoepfia schreberi,3.101,"Coeligena wilsoni (Delattre & Bourcier, 1846)",2477042,-0.006951,-78.720992,212.0,SOUTH_AMERICA,Pichincha,,,,2021-03-27T03:35Z,False,mateozambonino9,iNaturalist,http://creativecommons.org/licenses/by-nc/4.0/,mateozambonino9,https://inaturalist-open-data.s3.amazonaws.com/photos/124994652/original.jpeg,k-western-south-america,2024-10-25 23:14:34
original_3118292615_1.jpeg,2650280,Cyathea arborea,21.671000000000003,"Coeligena wilsoni (Delattre & Bourcier, 1846)",2477042,5.821466,-76.176394,15.0,SOUTH_AMERICA,Chocó,,,,2015-07-26T10:49,False,Edwin Múnera Chavarría,iNaturalist,http://creativecommons.org/licenses/by-nc/4.0/,Edwin Múnera Chavarría,https://inaturalist-open-data.s3.amazonaws.com/photos/128818246/original.jpeg,k-western-south-america,2024-10-25 23:14:39
original_3330758823_1.jpg,3169628,Tabernaemontana alba,4.198,"Coeligena wilsoni (Delattre & Bourcier, 1846)",2477042,-0.048717,-78.775198,8704.0,SOUTH_AMERICA,Pichincha,,,,2004-10-06T13:43,False,Rich Kostecke,iNaturalist,http://creativecommons.org/licenses/by-nc/4.0/,Rich Kostecke,https://inaturalist-open-data.s3.amazonaws.com/photos/144151744/original.jpg,k-western-south-america,2024-10-25 23:14:48
original_3335155135_1.jpg,8368994,Passiflora mixta,22.167,"Coeligena wilsoni (Delattre & Bourcier, 1846)",2477042,-0.048717,-78.775198,16539.0,SOUTH_AMERICA,Pichincha,,,,2004-10-08T15:54,False,Rich Kostecke,iNaturalist,http://creativecommons.org/licenses/by-nc/4.0/,Rich Kostecke,https://inaturalist-open-data.s3.amazonaws.com/photos/148092931/original.jpg,k-western-south-america,2024-10-25 23:14:50
original_3337977322_1.jpg,2874119,Xylosma flexuosa,2.476,"Coeligena wilsoni (Delattre & Bourcier, 1846)",2477042,5.248258,-76.105384,202.0,SOUTH_AMERICA,Risaralda,,,,2021-08-06T10:16,False,Nick Moore,iNaturalist,http://creativecommons.org/licenses/by-nc/4.0/,Nick Moore,https://inaturalist-open-data.s3.amazonaws.com/photos/151810141/original.jpg,k-western-south-america,2024-10-25 23:14:55
original_3355474483_1.jpeg,2797465,Sobralia macrophylla,7.5889999999999995,"Coeligena wilsoni (Delattre & Bourcier, 1846)",2477042,-0.006951,-78.720992,212.0,SOUTH_AMERICA,Pichincha,,,,2021-03-20T11:59,False,paulaleoro,iNaturalist,http://creativecommons.org/licenses/by-nc/4.0/,paulaleoro,https://inaturalist-open-data.s3.amazonaws.com/photos/125289219/original.jpeg,k-western-south-america,2024-10-25 23:14:56
original_3384507348_1.jpeg,2705621,Paspalum notatum,7.01,"Coeligena wilsoni (Delattre & Bourcier, 1846)",2477042,1.283131,-78.09322,216.0,SOUTH_AMERICA,Nariño,,,,2021-10-03T16:48,False,Hector Caballero Ballesteros,iNaturalist,http://creativecommons.org/licenses/by-nc/4.0/,Hector Caballero Ballesteros,https://inaturalist-open-data.s3.amazonaws.com/photos/161517887/original.jpeg; https://inaturalist-open-data.s3.amazonaws.com/photos/161517903/original.jpeg; https://inaturalist-open-data.s3.amazonaws.com/photos/161517915/original.jpeg; https://inaturalist-open-data.s3.amazonaws.com/photos/161517950/original.jpeg,k-western-south-america,2024-10-25 23:15:04
original_3384507348_3.jpeg,3169679,Hancornia speciosa,6.378,"Coeligena wilsoni (Delattre & Bourcier, 1846)",2477042,1.283131,-78.09322,216.0,SOUTH_AMERICA,Nariño,,,,2021-10-03T16:48,False,Hector Caballero Ballesteros,iNaturalist,http://creativecommons.org/licenses/by-nc/4.0/,Hector Caballero Ballesteros,https://inaturalist-open-data.s3.amazonaws.com/photos/161517887/original.jpeg; https://inaturalist-open-data.s3.amazonaws.com/photos/161517903/original.jpeg; https://inaturalist-open-data.s3.amazonaws.com/photos/161517915/original.jpeg; https://inaturalist-open-data.s3.amazonaws.com/photos/161517950/original.jpeg,k-western-south-america,2024-10-25 23:15:09
original_3391335149_1.jpeg,3830581,Cissampelos andromorpha,1.18,"Coeligena wilsoni (Delattre & Bourcier, 1846)",2477042,0.118406,-78.61208,350.0,SOUTH_AMERICA,Pichincha,,,,2021-10-08T12:37,False,Holger Beck,iNaturalist,http://creativecommons.org/licenses/by-nc/4.0/,Holger Beck,https://inaturalist-open-data.s3.amazonaws.com/photos/163199763/original.jpeg,k-western-south-america,2024-10-25 23:15:13
original_3398779958_1.jpeg,3189950,Paullinia pinnata,2.426,"Coeligena wilsoni (Delattre & Bourcier, 1846)",2477042,0.025811,-78.632437,207.0,SOUTH_AMERICA,Pichincha,,,,2021-10-17T13:00,False,Diego Torres Sierra,iNaturalist,http://creativecommons.org/licenses/by-nc/4.0/,Diego Torres Sierra,https://inaturalist-open-data.s3.amazonaws.com/photos/165283917/original.jpeg; https://inaturalist-open-data.s3.amazonaws.com/photos/165283930/original.jpeg; https://inaturalist-open-data.s3.amazonaws.com/photos/165283963/original.jpeg,k-western-south-america,2024-10-25 23:15:16
original_3398779958_2.jpeg,5590493,Drymonia serrulata,3.1759999999999997,"Coeligena wilsoni (Delattre & Bourcier, 1846)",2477042,0.025811,-78.632437,207.0,SOUTH_AMERICA,Pichincha,,,,2021-10-17T13:00,False,Diego Torres Sierra,iNaturalist,http://creativecommons.org/licenses/by-nc/4.0/,Diego Torres Sierra,https://inaturalist-open-data.s3.amazonaws.com/photos/165283917/original.jpeg; https://inaturalist-open-data.s3.amazonaws.com/photos/165283930/original.jpeg; https://inaturalist-open-data.s3.amazonaws.com/photos/165283963/original.jpeg,k-western-south-america,2024-10-25 23:15:18
original_3398779958_3.jpeg,5590493,Drymonia serrulata,8.06,"Coeligena wilsoni (Delattre & Bourcier, 1846)",2477042,0.025811,-78.632437,207.0,SOUTH_AMERICA,Pichincha,,,,2021-10-17T13:00,False,Diego Torres Sierra,iNaturalist,http://creativecommons.org/licenses/by-nc/4.0/,Diego Torres Sierra,https://inaturalist-open-data.s3.amazonaws.com/photos/165283917/original.jpeg; https://inaturalist-open-data.s3.amazonaws.com/photos/165283930/original.jpeg; https://inaturalist-open-data.s3.amazonaws.com/photos/165283963/original.jpeg,k-western-south-america,2024-10-25 23:15:20
original_3399416061_1.jpg,8368994,Passiflora mixta,9.974,"Coeligena wilsoni (Delattre & Bourcier, 1846)",2477042,0.025634,-78.632718,15.0,SOUTH_AMERICA,Pichincha,,,,2021-10-17T12:55,False,David Torres,iNaturalist,http://creativecommons.org/licenses/by-nc/4.0/,David Torres,https://inaturalist-open-data.s3.amazonaws.com/photos/165472089/original.jpg; https://inaturalist-open-data.s3.amazonaws.com/photos/165472105/original.jpg; https://inaturalist-open-data.s3.amazonaws.com/photos/165472120/original.jpg; https://inaturalist-open-data.s3.amazonaws.com/photos/165472142/original.jpg,k-western-south-america,2024-10-25 23:15:23
original_3399416061_2.jpg,3189950,Paullinia pinnata,3.04,"Coeligena wilsoni (Delattre & Bourcier, 1846)",2477042,0.025634,-78.632718,15.0,SOUTH_AMERICA,Pichincha,,,,2021-10-17T12:55,False,David Torres,iNaturalist,http://creativecommons.org/licenses/by-nc/4.0/,David Torres,https://inaturalist-open-data.s3.amazonaws.com/photos/165472089/original.jpg; https://inaturalist-open-data.s3.amazonaws.com/photos/165472105/original.jpg; https://inaturalist-open-data.s3.amazonaws.com/photos/165472120/original.jpg; https://inaturalist-open-data.s3.amazonaws.com/photos/165472142/original.jpg,k-western-south-america,2024-10-25 23:15:25
original_3399416061_3.jpg,5287939,Bromelia balansae,3.3689999999999998,"Coeligena wilsoni (Delattre & Bourcier, 1846)",2477042,0.025634,-78.632718,15.0,SOUTH_AMERICA,Pichincha,,,,2021-10-17T12:55,False,David Torres,iNaturalist,http://creativecommons.org/licenses/by-nc/4.0/,David Torres,https://inaturalist-open-data.s3.amazonaws.com/photos/165472089/original.jpg; https://inaturalist-open-data.s3.amazonaws.com/photos/165472105/original.jpg; https://inaturalist-open-data.s3.amazonaws.com/photos/165472120/original.jpg; https://inaturalist-open-data.s3.amazonaws.com/photos/165472142/original.jpg,k-western-south-america,2024-10-25 23:15:28
original_3399447402_2.jpeg,8368994,Passiflora mixta,11.535,"Coeligena wilsoni (Delattre & Bourcier, 1846)",2477042,5.237751,-76.100507,2680.0,SOUTH_AMERICA,Risaralda,,,,2021-10-09T21:20,False,Jonathan M,iNaturalist,http://creativecommons.org/licenses/by-nc/4.0/,Jonathan M,https://inaturalist-open-data.s3.amazonaws.com/photos/166121193/original.jpeg; https://inaturalist-open-data.s3.amazonaws.com/photos/166121204/original.jpeg,k-western-south-america,2024-10-25 23:15:35
original_3399491941_1.jpeg,6379095,Epiphyllum hookeri,9.193,"Coeligena wilsoni (Delattre & Bourcier, 1846)",2477042,0.025811,-78.632437,207.0,SOUTH_AMERICA,Pichincha,,,,2021-10-17T12:55,False,Diego Torres Sierra,iNaturalist,http://creativecommons.org/licenses/by-nc/4.0/,Diego Torres Sierra,https://inaturalist-open-data.s3.amazonaws.com/photos/165283011/original.jpeg; https://inaturalist-open-data.s3.amazonaws.com/photos/165283028/original.jpeg,k-western-south-america,2024-10-25 23:15:37
original_3399491941_2.jpeg,5591185,Drymonia coccinea,3.3939999999999997,"Coeligena wilsoni (Delattre & Bourcier, 1846)",2477042,0.025811,-78.632437,207.0,SOUTH_AMERICA,Pichincha,,,,2021-10-17T12:55,False,Diego Torres Sierra,iNaturalist,http://creativecommons.org/licenses/by-nc/4.0/,Diego Torres Sierra,https://inaturalist-open-data.s3.amazonaws.com/photos/165283011/original.jpeg; https://inaturalist-open-data.s3.amazonaws.com/photos/165283028/original.jpeg,k-western-south-america,2024-10-25 23:15:39
original_3408115018_1.jpeg,10863132,Pleroma urvilleanum,11.984,"Coeligena wilsoni (Delattre & Bourcier, 1846)",2477042,0.118406,-78.61208,450.0,SOUTH_AMERICA,Pichincha,,,,2021-10-30T15:13,False,Holger Beck,iNaturalist,http://creativecommons.org/licenses/by-nc/4.0/,Holger Beck,https://inaturalist-open-data.s3.amazonaws.com/photos/166848050/original.jpeg,k-western-south-america,2024-10-25 23:15:41
original_3415390880_1.jpeg,2984648,Trophis racemosa,6.558,"Coeligena wilsoni (Delattre & Bourcier, 1846)",2477042,1.283131,-78.09322,216.0,SOUTH_AMERICA,Nariño,,,,2021-10-03T17:57,False,Hector Caballero Ballesteros,iNaturalist,http://creativecommons.org/licenses/by-nc/4.0/,Hector Caballero Ballesteros,https://inaturalist-open-data.s3.amazonaws.com/photos/162785219/original.jpeg; https://inaturalist-open-data.s3.amazonaws.com/photos/162785235/original.jpeg,k-western-south-america,2024-10-25 23:15:44
original_3415390880_2.jpeg,3152052,Apeiba tibourbou,3.914,"Coeligena wilsoni (Delattre & Bourcier, 1846)",2477042,1.283131,-78.09322,216.0,SOUTH_AMERICA,Nariño,,,,2021-10-03T17:57,False,Hector Caballero Ballesteros,iNaturalist,http://creativecommons.org/licenses/by-nc/4.0/,Hector Caballero Ballesteros,https://inaturalist-open-data.s3.amazonaws.com/photos/162785219/original.jpeg; https://inaturalist-open-data.s3.amazonaws.com/photos/162785235/original.jpeg,k-western-south-america,2024-10-25 23:15:46
original_3712673896_1.jpeg,3830518,Abuta grandifolia,3.2520000000000002,"Coeligena wilsoni (Delattre & Bourcier, 1846)",2477042,0.118406,-78.61208,15.0,SOUTH_AMERICA,Pichincha,,,,2022-03-07T16:51,False,Holger Beck,iNaturalist,http://creativecommons.org/licenses/by-nc/4.0/,Holger Beck,https://inaturalist-open-data.s3.amazonaws.com/photos/182155824/original.jpeg,k-western-south-america,2024-10-25 23:16:01
original_3747046534_1.jpg,3174691,Myrcia splendens,1.8610000000000002,"Coeligena wilsoni (Delattre & Bourcier, 1846)",2477042,0.040435,-78.678786,1.0,SOUTH_AMERICA,Pichincha,,,,2022-02-13T12:52,False,Nancy Overholtz,iNaturalist,http://creativecommons.org/licenses/by-sa/4.0/,Nancy Overholtz,https://inaturalist-open-data.s3.amazonaws.com/photos/183398615/original.jpg,k-western-south-america,2024-10-25 23:16:03
original_3747052947_1.jpg,2985082,Chrysobalanus icaco,2.719,"Coeligena wilsoni (Delattre & Bourcier, 1846)",2477042,-0.029317,-78.751876,4.0,SOUTH_AMERICA,Pichincha,,,,2022-02-14T11:14,False,Nancy Overholtz,iNaturalist,http://creativecommons.org/licenses/by-sa/4.0/,Nancy Overholtz,https://inaturalist-open-data.s3.amazonaws.com/photos/183798152/original.jpg,k-western-south-america,2024-10-25 23:16:06
original_3759324842_1.jpg,2734551,Chamaedorea tepejilote,8.254999999999999,"Coeligena wilsoni (Delattre & Bourcier, 1846)",2477042,0.160504,-78.855236,15.0,SOUTH_AMERICA,Pichincha,,,,2022-03-18T06:15,False,rwcannon57,iNaturalist,http://creativecommons.org/licenses/by-nc/4.0/,rwcannon57,https://inaturalist-open-data.s3.amazonaws.com/photos/186071414/original.jpg; https://inaturalist-open-data.s3.amazonaws.com/photos/186072186/original.jpg,k-western-south-america,2024-10-25 23:16:18
original_3759324842_2.jpg,2698642,Aechmea angustifolia,2.642,"Coeligena wilsoni (Delattre & Bourcier, 1846)",2477042,0.160504,-78.855236,15.0,SOUTH_AMERICA,Pichincha,,,,2022-03-18T06:15,False,rwcannon57,iNaturalist,http://creativecommons.org/licenses/by-nc/4.0/,rwcannon57,https://inaturalist-open-data.s3.amazonaws.com/photos/186071414/original.jpg; https://inaturalist-open-data.s3.amazonaws.com/photos/186072186/original.jpg,k-western-south-america,2024-10-25 23:16:21
original_3802378178_1.jpg,3690903,Coincya tournefortii,1.939,"Coeligena wilsoni (Delattre & Bourcier, 1846)",2477042,0.165892,-78.877487,15.0,SOUTH_AMERICA,Pichincha,,,,2022-05-11T12:47,False,Nick Nepokroeff,iNaturalist,http://creativecommons.org/licenses/by-nc/4.0/,Nick Nepokroeff,https://inaturalist-open-data.s3.amazonaws.com/photos/199831650/original.jpg,k-western-south-america,2024-10-25 23:16:27
original_3859791426_1.jpg,2760619,Heliconia wagneriana,2.229,"Coeligena wilsoni (Delattre & Bourcier, 1846)",2477042,0.158995,-78.858095,4.0,SOUTH_AMERICA,Pichincha,,,,2022-07-05T17:21:39,False,Chris Girgenti,iNaturalist,http://creativecommons.org/licenses/by-nc/4.0/,Chris Girgenti,https://inaturalist-open-data.s3.amazonaws.com/photos/211889743/original.jpg,k-western-south-america,2024-10-25 23:16:35
original_3881476724_1.jpeg,4171009,Sphyrospermum buxifolium,3.778,"Coeligena wilsoni (Delattre & Bourcier, 1846)",2477042,1.305852,-78.111292,,SOUTH_AMERICA,Nariño,,,,2022-07-07T07:27,False,Santi MD,iNaturalist,http://creativecommons.org/licenses/by-nc/4.0/,Santi MD,https://inaturalist-open-data.s3.amazonaws.com/photos/217649403/original.jpeg,k-western-south-america,2024-10-25 23:16:40
original_3902373019_1.jpeg,3083180,Bertholletia excelsa,11.004999999999999,"Coeligena wilsoni (Delattre & Bourcier, 1846)",2477042,5.230389,-76.082806,211.0,SOUTH_AMERICA,Risaralda,,,,2022-08-11T11:27,False,Steven Kurniawidjaja,iNaturalist,http://creativecommons.org/licenses/by-nc/4.0/,Steven Kurniawidjaja,https://inaturalist-open-data.s3.amazonaws.com/photos/224664454/original.jpeg; https://inaturalist-open-data.s3.amazonaws.com/photos/224664496/original.jpeg; https://inaturalist-open-data.s3.amazonaws.com/photos/224664542/original.jpeg; https://inaturalist-open-data.s3.amazonaws.com/photos/224664573/original.jpeg,k-western-south-america,2024-10-25 23:16:43
original_3902373019_2.jpeg,3083180,Bertholletia excelsa,5.707,"Coeligena wilsoni (Delattre & Bourcier, 1846)",2477042,5.230389,-76.082806,211.0,SOUTH_AMERICA,Risaralda,,,,2022-08-11T11:27,False,Steven Kurniawidjaja,iNaturalist,http://creativecommons.org/licenses/by-nc/4.0/,Steven Kurniawidjaja,https://inaturalist-open-data.s3.amazonaws.com/photos/224664454/original.jpeg; https://inaturalist-open-data.s3.amazonaws.com/photos/224664496/original.jpeg; https://inaturalist-open-data.s3.amazonaws.com/photos/224664542/original.jpeg; https://inaturalist-open-data.s3.amazonaws.com/photos/224664573/original.jpeg,k-western-south-america,2024-10-25 23:16:45
original_3902373019_3.jpeg,6029771,Helicteres baruensis,6.6930000000000005,"Coeligena wilsoni (Delattre & Bourcier, 1846)",2477042,5.230389,-76.082806,211.0,SOUTH_AMERICA,Risaralda,,,,2022-08-11T11:27,False,Steven Kurniawidjaja,iNaturalist,http://creativecommons.org/licenses/by-nc/4.0/,Steven Kurniawidjaja,https://inaturalist-open-data.s3.amazonaws.com/photos/224664454/original.jpeg; https://inaturalist-open-data.s3.amazonaws.com/photos/224664496/original.jpeg; https://inaturalist-open-data.s3.amazonaws.com/photos/224664542/original.jpeg; https://inaturalist-open-data.s3.amazonaws.com/photos/224664573/original.jpeg,k-western-south-america,2024-10-25 23:16:47
original_3902373019_4.jpeg,3083180,Bertholletia excelsa,7.779999999999999,"Coeligena wilsoni (Delattre & Bourcier, 1846)",2477042,5.230389,-76.082806,211.0,SOUTH_AMERICA,Risaralda,,,,2022-08-11T11:27,False,Steven Kurniawidjaja,iNaturalist,http://creativecommons.org/licenses/by-nc/4.0/,Steven Kurniawidjaja,https://inaturalist-open-data.s3.amazonaws.com/photos/224664454/original.jpeg; https://inaturalist-open-data.s3.amazonaws.com/photos/224664496/original.jpeg; https://inaturalist-open-data.s3.amazonaws.com/photos/224664542/original.jpeg; https://inaturalist-open-data.s3.amazonaws.com/photos/224664573/original.jpeg,k-western-south-america,2024-10-25 23:16:49
original_3902554837_1.jpeg,5331157,Homalium racemosum,2.799,"Coeligena wilsoni (Delattre & Bourcier, 1846)",2477042,5.230389,-76.082806,211.0,SOUTH_AMERICA,Risaralda,,,,2022-08-11T06:33,False,Steven Kurniawidjaja,iNaturalist,http://creativecommons.org/licenses/by-nc/4.0/,Steven Kurniawidjaja,https://inaturalist-open-data.s3.amazonaws.com/photos/224642296/original.jpeg; https://inaturalist-open-data.s3.amazonaws.com/photos/224642335/original.jpeg,k-western-south-america,2024-10-25 23:16:51
original_3912053297_1.jpg,7326642,Connarus fasciculatus,1.467,"Coeligena wilsoni (Delattre & Bourcier, 1846)",2477042,0.020164,-78.70695,122.0,SOUTH_AMERICA,Pichincha,,,,2018-03-22T07:43,False,johnmeikle,iNaturalist,http://creativecommons.org/licenses/by-nc/4.0/,johnmeikle,https://inaturalist-open-data.s3.amazonaws.com/photos/231041584/original.jpg,k-western-south-america,2024-10-25 23:16:59
original_3912197956_1.jpg,3190647,Quassia amara,2.1149999999999998,"Coeligena wilsoni (Delattre & Bourcier, 1846)",2477042,0.159193,-78.858227,89.0,SOUTH_AMERICA,Pichincha,,,,2018-03-23T08:07,False,johnmeikle,iNaturalist,http://creativecommons.org/licenses/by-nc/4.0/,johnmeikle,https://inaturalist-open-data.s3.amazonaws.com/photos/231053772/original.jpg,k-western-south-america,2024-10-25 23:17:01
original_3915331680_1.jpeg,4088199,Utricularia jamesoniana,4.942,"Coeligena wilsoni (Delattre & Bourcier, 1846)",2477042,-0.010021,-78.738662,,SOUTH_AMERICA,Pichincha,,,,2022-07-24T14:56,False,Manuel Ruedi,iNaturalist,http://creativecommons.org/licenses/by-nc/4.0/,Manuel Ruedi,https://inaturalist-open-data.s3.amazonaws.com/photos/232188204/original.jpeg,k-western-south-america,2024-10-25 23:17:04
original_3915331842_1.jpeg,5687666,Trigonia rugosa,2.4899999999999998,"Coeligena wilsoni (Delattre & Bourcier, 1846)",2477042,0.118406,-78.61208,275.0,SOUTH_AMERICA,Pichincha,,,,2022-09-21T14:37,False,Holger Beck,iNaturalist,http://creativecommons.org/licenses/by-nc/4.0/,Holger Beck,https://inaturalist-open-data.s3.amazonaws.com/photos/232404468/original.jpeg,k-western-south-america,2024-10-25 23:17:07
original_3925476417_1.jpeg,2797465,Sobralia macrophylla,10.502,"Coeligena wilsoni (Delattre & Bourcier, 1846)",2477042,5.247701,-76.105251,,SOUTH_AMERICA,Risaralda,,,,2022-08-26T06:32,False,Christoph Moning,iNaturalist,http://creativecommons.org/licenses/by/4.0/,Christoph Moning,https://inaturalist-open-data.s3.amazonaws.com/photos/236066223/original.jpeg,k-western-south-america,2024-10-25 23:17:11
original_3963505329_1.jpg,7313502,Passiflora quadriglandulosa,2.215,"Coeligena wilsoni (Delattre & Bourcier, 1846)",2477042,-0.024635,-78.724613,,SOUTH_AMERICA,Pichincha,,,,2019-08-22T08:04,False,Jen Cross,iNaturalist,http://creativecommons.org/licenses/by-nc/4.0/,Jen Cross,https://inaturalist-open-data.s3.amazonaws.com/photos/51365950/original.jpg,k-western-south-america,2024-10-25 23:17:22
original_3985700042_2.jpeg,2704740,Zoysia matrella,13.012,"Coeligena wilsoni (Delattre & Bourcier, 1846)",2477042,0.026172,-78.696724,20.0,SOUTH_AMERICA,Pichincha,,,,2020-10-17T14:54,False,tellkamp,iNaturalist,http://creativecommons.org/licenses/by-nc/4.0/,tellkamp,https://inaturalist-open-data.s3.amazonaws.com/photos/243527142/original.jpeg; https://inaturalist-open-data.s3.amazonaws.com/photos/243527151/original.jpeg,k-western-south-america,2024-10-25 23:17:26
original_3985757005_1.jpeg,10863132,Pleroma urvilleanum,2.7969999999999997,"Coeligena wilsoni (Delattre & Bourcier, 1846)",2477042,0.118406,-78.61208,50.0,SOUTH_AMERICA,Pichincha,,,,2022-11-14T13:16,False,Holger Beck,iNaturalist,http://creativecommons.org/licenses/by-nc/4.0/,Holger Beck,https://inaturalist-open-data.s3.amazonaws.com/photos/243653152/original.jpeg,k-western-south-america,2024-10-25 23:17:28
original_3986202438_1.jpg,3070717,Plukenetia volubilis,10.062999999999999,"Coeligena wilsoni (Delattre & Bourcier, 1846)",2477042,0.024343,-78.711506,212.0,SOUTH_AMERICA,Pichincha,,,,2022-11-04T12:45,False,Herb Wilson,iNaturalist,http://creativecommons.org/licenses/by-nc/4.0/,Herb Wilson,https://inaturalist-open-data.s3.amazonaws.com/photos/245683227/original.jpg; https://inaturalist-open-data.s3.amazonaws.com/photos/245683239/original.jpg,k-western-south-america,2024-10-25 23:17:30
original_3994060763_3.jpg,2898087,Faramea occidentalis,5.0009999999999994,"Coeligena wilsoni (Delattre & Bourcier, 1846)",2477042,5.230017,-76.083579,22.0,SOUTH_AMERICA,Risaralda,,,,2022-05-04T14:51:31,False,AJ Johnson,iNaturalist,http://creativecommons.org/licenses/by-nc/4.0/,AJ Johnson,https://inaturalist-open-data.s3.amazonaws.com/photos/246843061/original.jpg; https://inaturalist-open-data.s3.amazonaws.com/photos/246843067/original.jpg; https://inaturalist-open-data.s3.amazonaws.com/photos/246843077/original.jpg,k-western-south-america,2024-10-25 23:17:40
original_4006564188_1.jpg,8368994,Passiflora mixta,13.894,"Coeligena wilsoni (Delattre & Bourcier, 1846)",2477042,5.248355,-76.105208,12.0,SOUTH_AMERICA,Risaralda,,,,2022-12-19T12:32:08,False,David Tan,iNaturalist,http://creativecommons.org/licenses/by-nc/4.0/,David Tan,https://inaturalist-open-data.s3.amazonaws.com/photos/248395562/original.jpg,k-western-south-america,2024-10-25 23:17:43
original_4011639014_1.jpeg,2792457,Polystachya concreta,5.806,"Coeligena wilsoni (Delattre & Bourcier, 1846)",2477042,5.247701,-76.105251,500.0,SOUTH_AMERICA,Risaralda,,,,2022-12-27T12:12,False,Dario Taraborelli,iNaturalist,http://creativecommons.org/publicdomain/zero/1.0/,Dario Taraborelli,https://inaturalist-open-data.s3.amazonaws.com/photos/249899461/original.jpeg,k-western-south-america,2024-10-25 23:17:47
original_4029037857_1.jpeg,2732453,Socratea exorrhiza,5.283,"Coeligena wilsoni (Delattre & Bourcier, 1846)",2477042,-0.04813,-78.770048,122.0,SOUTH_AMERICA,Pichincha,,,,2022-08-07T17:51,False,daxkifa,iNaturalist,http://creativecommons.org/licenses/by-nc/4.0/,daxkifa,https://inaturalist-open-data.s3.amazonaws.com/photos/254354245/original.jpeg,k-western-south-america,2024-10-25 23:18:02
original_4039489850_1.jpeg,2892105,Duroia hirsuta,4.109999999999999,"Coeligena wilsoni (Delattre & Bourcier, 1846)",2477042,5.373569,-75.890742,50.0,SOUTH_AMERICA,Caldas,,,,2023-01-28T09:51,False,desertnaturalist,iNaturalist,http://creativecommons.org/licenses/by/4.0/,desertnaturalist,https://inaturalist-open-data.s3.amazonaws.com/photos/257275038/original.jpeg,k-western-south-america,2024-10-25 23:18:14
original_4054921052_1.jpg,3190647,Quassia amara,30.856,"Coeligena wilsoni (Delattre & Bourcier, 1846)",2477042,0.022925,-78.710913,9.0,SOUTH_AMERICA,Pichincha,,,,2023-01-30T15:06,False,j4n_w,iNaturalist,http://creativecommons.org/licenses/by-nc/4.0/,j4n_w,https://inaturalist-open-data.s3.amazonaws.com/photos/259153231/original.jpg,k-western-south-america,2024-10-25 23:18:17
original_4063028360_1.jpg,3974744,Vachellia nilotica,2.4,"Coeligena wilsoni (Delattre & Bourcier, 1846)",2477042,5.375632,-75.886915,1186.0,SOUTH_AMERICA,Caldas,,,,2023-02-28T16:30,False,Jana Václavíková,iNaturalist,http://creativecommons.org/licenses/by-nc/4.0/,Jana Václavíková,https://inaturalist-open-data.s3.amazonaws.com/photos/260705246/original.jpg,k-western-south-america,2024-10-25 23:18:20
original_4067396359_1.jpg,5590525,Drymonia rubra,3.0620000000000003,"Coeligena wilsoni (Delattre & Bourcier, 1846)",2477042,0.159767,-78.853134,689.0,SOUTH_AMERICA,Pichincha,,,,2023-02-22T09:33,False,vivienneo,iNaturalist,http://creativecommons.org/licenses/by-nc/4.0/,vivienneo,https://inaturalist-open-data.s3.amazonaws.com/photos/261638500/original.jpg,k-western-south-america,2024-10-25 23:18:27
original_4075614211_1.jpg,5275085,Olfersia cervina,11.193999999999999,"Coeligena wilsoni (Delattre & Bourcier, 1846)",2477042,5.230389,-76.082806,211.0,SOUTH_AMERICA,Risaralda,,,,2015-07-09T12:06,False,Tim Forrester,iNaturalist,http://creativecommons.org/licenses/by-nc/4.0/,Tim Forrester,https://inaturalist-open-data.s3.amazonaws.com/photos/262339991/original.jpg,k-western-south-america,2024-10-25 23:18:32
original_4075833055_1.jpg,2651039,Elaphoglossum peltatum,8.620999999999999,"Coeligena wilsoni (Delattre & Bourcier, 1846)",2477042,-0.024593,-78.724574,21.0,SOUTH_AMERICA,Pichincha,,,,2019-08-02T10:06,False,Frode Jacobsen,iNaturalist,http://creativecommons.org/licenses/by-nc/4.0/,Frode Jacobsen,https://inaturalist-open-data.s3.amazonaws.com/photos/263789391/original.jpg,k-western-south-america,2024-10-25 23:18:35
original_4076230002_1.jpeg,2705848,Urochloa mutica,8.331,"Coeligena wilsoni (Delattre & Bourcier, 1846)",2477042,5.373569,-75.890742,50.0,SOUTH_AMERICA,Caldas,,,,2023-03-14T15:12,False,desertnaturalist,iNaturalist,http://creativecommons.org/licenses/by/4.0/,desertnaturalist,https://inaturalist-open-data.s3.amazonaws.com/photos/261860387/original.jpeg,k-western-south-america,2024-10-25 23:18:39
original_4102940585_1.jpg,5591185,Drymonia coccinea,6.5280000000000005,"Coeligena wilsoni (Delattre & Bourcier, 1846)",2477042,-0.007009,-78.720881,8.0,SOUTH_AMERICA,Pichincha,,,,2023-04-30T08:29,False,David Torres,iNaturalist,http://creativecommons.org/licenses/by-nc/4.0/,David Torres,https://inaturalist-open-data.s3.amazonaws.com/photos/275099150/original.jpg,k-western-south-america,2024-10-25 23:18:44
original_4103370626_1.jpg,2754074,Bomarea pardina,7.167,"Coeligena wilsoni (Delattre & Bourcier, 1846)",2477042,-0.007009,-78.720881,8.0,SOUTH_AMERICA,Pichincha,,,,2023-04-30T08:37,False,David Torres,iNaturalist,http://creativecommons.org/licenses/by-nc/4.0/,David Torres,https://inaturalist-open-data.s3.amazonaws.com/photos/275100844/original.jpg; https://inaturalist-open-data.s3.amazonaws.com/photos/275100926/original.jpg; https://inaturalist-open-data.s3.amazonaws.com/photos/275100973/original.jpg,k-western-south-america,2024-10-25 23:18:47
original_4103370626_2.jpg,2754074,Bomarea pardina,7.701,"Coeligena wilsoni (Delattre & Bourcier, 1846)",2477042,-0.007009,-78.720881,8.0,SOUTH_AMERICA,Pichincha,,,,2023-04-30T08:37,False,David Torres,iNaturalist,http://creativecommons.org/licenses/by-nc/4.0/,David Torres,https://inaturalist-open-data.s3.amazonaws.com/photos/275100844/original.jpg; https://inaturalist-open-data.s3.amazonaws.com/photos/275100926/original.jpg; https://inaturalist-open-data.s3.amazonaws.com/photos/275100973/original.jpg,k-western-south-america,2024-10-25 23:18:49
original_4103370626_3.jpg,7673979,Codonanthopsis crassifolia,7.991,"Coeligena wilsoni (Delattre & Bourcier, 1846)",2477042,-0.007009,-78.720881,8.0,SOUTH_AMERICA,Pichincha,,,,2023-04-30T08:37,False,David Torres,iNaturalist,http://creativecommons.org/licenses/by-nc/4.0/,David Torres,https://inaturalist-open-data.s3.amazonaws.com/photos/275100844/original.jpg; https://inaturalist-open-data.s3.amazonaws.com/photos/275100926/original.jpg; https://inaturalist-open-data.s3.amazonaws.com/photos/275100973/original.jpg,k-western-south-america,2024-10-25 23:18:51
original_4103476595_1.jpg,5321877,Ionopsis utricularioides,9.854000000000001,"Coeligena wilsoni (Delattre & Bourcier, 1846)",2477042,-0.006813,-78.720645,15.0,SOUTH_AMERICA,Pichincha,,,,2023-04-30T11:21,False,David Torres,iNaturalist,http://creativecommons.org/licenses/by-nc/4.0/,David Torres,https://inaturalist-open-data.s3.amazonaws.com/photos/275025083/original.jpg,k-western-south-america,2024-10-25 23:18:54
original_4103492654_3.jpg,7303401,Begonia fuchsioides,22.634999999999998,"Coeligena wilsoni (Delattre & Bourcier, 1846)",2477042,-0.007009,-78.720881,8.0,SOUTH_AMERICA,Pichincha,,,,2023-04-30T08:23,False,David Torres,iNaturalist,http://creativecommons.org/licenses/by-nc/4.0/,David Torres,https://inaturalist-open-data.s3.amazonaws.com/photos/275093568/original.jpg; https://inaturalist-open-data.s3.amazonaws.com/photos/275093597/original.jpg; https://inaturalist-open-data.s3.amazonaws.com/photos/275093640/original.jpg,k-western-south-america,2024-10-25 23:19:01
original_4111703547_1.jpeg,5383279,Margaritaria nobilis,1.657,"Coeligena wilsoni (Delattre & Bourcier, 1846)",2477042,0.019935,-78.707171,212.0,SOUTH_AMERICA,Pichincha,,,,2022-01-23T13:55,False,Tim Forrester,iNaturalist,http://creativecommons.org/licenses/by-nc/4.0/,Tim Forrester,https://inaturalist-open-data.s3.amazonaws.com/photos/272756844/original.jpeg,k-western-south-america,2024-10-25 23:19:03
original_4116059657_2.jpeg,8368994,Passiflora mixta,56.68299999999999,"Coeligena wilsoni (Delattre & Bourcier, 1846)",2477042,-0.006944,-78.720833,,SOUTH_AMERICA,Pichincha,,,,2023-04-30T08:46:23,False,Diego Torres Sierra,iNaturalist,http://creativecommons.org/licenses/by-nc/4.0/,Diego Torres Sierra,https://inaturalist-open-data.s3.amazonaws.com/photos/273849965/original.jpeg; https://inaturalist-open-data.s3.amazonaws.com/photos/273850019/original.jpeg,k-western-south-america,2024-10-25 23:19:08
original_4116252688_1.jpeg,5387098,Dahlia coccinea,4.545,"Coeligena wilsoni (Delattre & Bourcier, 1846)",2477042,-0.006944,-78.720833,,SOUTH_AMERICA,Pichincha,,,,2023-04-30T11:03:29,False,Diego Torres Sierra,iNaturalist,http://creativecommons.org/licenses/by-nc/4.0/,Diego Torres Sierra,https://inaturalist-open-data.s3.amazonaws.com/photos/273899141/original.jpeg; https://inaturalist-open-data.s3.amazonaws.com/photos/273899196/original.jpeg; https://inaturalist-open-data.s3.amazonaws.com/photos/273899234/original.jpeg,k-western-south-america,2024-10-25 23:19:11
original_4116252688_2.jpeg,2854474,Hippeastrum reginae,6.139,"Coeligena wilsoni (Delattre & Bourcier, 1846)",2477042,-0.006944,-78.720833,,SOUTH_AMERICA,Pichincha,,,,2023-04-30T11:03:29,False,Diego Torres Sierra,iNaturalist,http://creativecommons.org/licenses/by-nc/4.0/,Diego Torres Sierra,https://inaturalist-open-data.s3.amazonaws.com/photos/273899141/original.jpeg; https://inaturalist-open-data.s3.amazonaws.com/photos/273899196/original.jpeg; https://inaturalist-open-data.s3.amazonaws.com/photos/273899234/original.jpeg,k-western-south-america,2024-10-25 23:19:13
original_4116252688_3.jpeg,7721174,Vallea stipularis,0.95,"Coeligena wilsoni (Delattre & Bourcier, 1846)",2477042,-0.006944,-78.720833,,SOUTH_AMERICA,Pichincha,,,,2023-04-30T11:03:29,False,Diego Torres Sierra,iNaturalist,http://creativecommons.org/licenses/by-nc/4.0/,Diego Torres Sierra,https://inaturalist-open-data.s3.amazonaws.com/photos/273899141/original.jpeg; https://inaturalist-open-data.s3.amazonaws.com/photos/273899196/original.jpeg; https://inaturalist-open-data.s3.amazonaws.com/photos/273899234/original.jpeg,k-western-south-america,2024-10-25 23:19:15
original_4120862457_1.jpeg,8185162,Symphonia globulifera,3.222,"Coeligena wilsoni (Delattre & Bourcier, 1846)",2477042,-0.0069,-78.7207,,SOUTH_AMERICA,Pichincha,,,,2023-01-24T08:25,False,moodejo,iNaturalist,http://creativecommons.org/licenses/by-nc/4.0/,moodejo,https://inaturalist-open-data.s3.amazonaws.com/photos/280604779/original.jpeg,k-western-south-america,2024-10-25 23:19:18
original_4165874359_1.jpeg,5321877,Ionopsis utricularioides,5.563,"Coeligena wilsoni (Delattre & Bourcier, 1846)",2477042,0.118406,-78.61208,450.0,SOUTH_AMERICA,Pichincha,,,,2023-07-23T10:49,False,Holger Beck,iNaturalist,http://creativecommons.org/licenses/by-nc/4.0/,Holger Beck,https://inaturalist-open-data.s3.amazonaws.com/photos/303510186/original.jpeg,k-western-south-america,2024-10-25 23:19:32
original_4171169550_1.jpg,2874711,Begonia foliosa,2.052,"Coeligena wilsoni (Delattre & Bourcier, 1846)",2477042,-0.028468,-78.75218,,SOUTH_AMERICA,Pichincha,,,,2022-10-13T09:50,False,dirkmaes,iNaturalist,http://creativecommons.org/licenses/by-nc/4.0/,dirkmaes,https://inaturalist-open-data.s3.amazonaws.com/photos/243901022/original.jpg,k-western-south-america,2024-10-25 23:19:35
original_4171804482_1.jpeg,7313348,Passiflora platyloba,3.0949999999999998,"Coeligena wilsoni (Delattre & Bourcier, 1846)",2477042,-0.048717,-78.775198,2169.0,SOUTH_AMERICA,Pichincha,,,,2014-01-23T15:58,False,Sebastián,iNaturalist,http://creativecommons.org/licenses/by-nc/4.0/,Sebastián,https://inaturalist-open-data.s3.amazonaws.com/photos/305533007/original.jpeg,k-western-south-america,2024-10-25 23:19:37
original_4413953609_1.jpg,5571029,Ficus gomelleira,9.47,"Coeligena wilsoni (Delattre & Bourcier, 1846)",2477042,-0.030137,-78.763797,108.0,SOUTH_AMERICA,Pichincha,,,,2019-08-13T07:00,False,Rosario,iNaturalist,http://creativecommons.org/licenses/by-nc/4.0/,Rosario,https://inaturalist-open-data.s3.amazonaws.com/photos/317355878/original.jpg,k-western-south-america,2024-10-25 23:19:42
original_4416772229_1.jpeg,5352650,Pterogyne nitens,0.538,"Coeligena wilsoni (Delattre & Bourcier, 1846)",2477042,5.367339,-75.891468,8.0,SOUTH_AMERICA,Caldas,,,,2023-04-18T12:50,False,russruffing,iNaturalist,http://creativecommons.org/licenses/by-nc/4.0/,russruffing,https://inaturalist-open-data.s3.amazonaws.com/photos/321571727/original.jpeg,k-western-south-america,2024-10-25 23:19:50
original_4421048109_1.jpeg,2702901,Leersia hexandra,1.376,"Coeligena wilsoni (Delattre & Bourcier, 1846)",2477042,0.175722,-78.907917,211.0,SOUTH_AMERICA,Pichincha,,,,2022-01-15T13:48,False,Rob Gilbert,iNaturalist,http://creativecommons.org/licenses/by-nc/4.0/,Rob Gilbert,https://inaturalist-open-data.s3.amazonaws.com/photos/324544771/original.jpeg,k-western-south-america,2024-10-25 23:19:55
original_4424085893_1.jpeg,2874569,Cucumis sativus,0.7060000000000001,"Coeligena wilsoni (Delattre & Bourcier, 1846)",2477042,5.246319,-76.092904,122.0,SOUTH_AMERICA,Risaralda,,,,2023-01-12T10:20,False,Jed Smith,iNaturalist,http://creativecommons.org/licenses/by-nc/4.0/,Jed Smith,https://inaturalist-open-data.s3.amazonaws.com/photos/325418481/original.jpeg; https://inaturalist-open-data.s3.amazonaws.com/photos/325418603/original.jpeg,k-western-south-america,2024-10-25 23:20:00
original_4453789360_1.jpeg,7661971,Bambusa vulgaris,10.166,"Coeligena wilsoni (Delattre & Bourcier, 1846)",2477042,-0.029103,-78.752737,1.0,SOUTH_AMERICA,Pichincha,,,,2023-11-06T12:46,False,John Landers,iNaturalist,http://creativecommons.org/licenses/by-nc/4.0/,John Landers,https://inaturalist-open-data.s3.amazonaws.com/photos/336684849/original.jpeg,k-western-south-america,2024-10-25 23:20:20
original_4453887840_1.jpeg,5340116,Warszewiczia coccinea,3.724,"Coeligena wilsoni (Delattre & Bourcier, 1846)",2477042,0.118546,-78.612264,135.0,SOUTH_AMERICA,Pichincha,,,,2014-02-23T06:24,False,Matt Dickson,iNaturalist,http://creativecommons.org/licenses/by-nc/4.0/,Matt Dickson,https://inaturalist-open-data.s3.amazonaws.com/photos/336522557/original.jpeg,k-western-south-america,2024-10-25 23:20:23
original_4507836396_2.jpg,4088199,Utricularia jamesoniana,1.0,"Coeligena wilsoni (Delattre & Bourcier, 1846)",2477042,0.159767,-78.853134,481.0,SOUTH_AMERICA,Pichincha,,,,2023-12-18T13:02,False,Don Marsille,iNaturalist,http://creativecommons.org/licenses/by-nc/4.0/,Don Marsille,https://inaturalist-open-data.s3.amazonaws.com/photos/344018245/original.jpg; https://inaturalist-open-data.s3.amazonaws.com/photos/344018248/original.jpg; https://inaturalist-open-data.s3.amazonaws.com/photos/344018257/original.jpg; https://inaturalist-open-data.s3.amazonaws.com/photos/344018259/original.jpg,k-western-south-america,2024-10-25 23:20:29
original_4507836396_3.jpg,4088199,Utricularia jamesoniana,1.288,"Coeligena wilsoni (Delattre & Bourcier, 1846)",2477042,0.159767,-78.853134,481.0,SOUTH_AMERICA,Pichincha,,,,2023-12-18T13:02,False,Don Marsille,iNaturalist,http://creativecommons.org/licenses/by-nc/4.0/,Don Marsille,https://inaturalist-open-data.s3.amazonaws.com/photos/344018245/original.jpg; https://inaturalist-open-data.s3.amazonaws.com/photos/344018248/original.jpg; https://inaturalist-open-data.s3.amazonaws.com/photos/344018257/original.jpg; https://inaturalist-open-data.s3.amazonaws.com/photos/344018259/original.jpg,k-western-south-america,2024-10-25 23:20:31
original_4512255833_2.jpg,2874569,Cucumis sativus,1.311,"Coeligena wilsoni (Delattre & Bourcier, 1846)",2477042,-0.026488,-78.759352,199.0,SOUTH_AMERICA,Pichincha,,,,2023-12-15T17:18,False,Don Marsille,iNaturalist,http://creativecommons.org/licenses/by-nc/4.0/,Don Marsille,https://inaturalist-open-data.s3.amazonaws.com/photos/345830960/original.jpg; https://inaturalist-open-data.s3.amazonaws.com/photos/345830997/original.jpg,k-western-south-america,2024-10-25 23:20:46
original_4512334204_1.jpg,5387098,Dahlia coccinea,2.098,"Coeligena wilsoni (Delattre & Bourcier, 1846)",2477042,0.019935,-78.707171,212.0,SOUTH_AMERICA,Pichincha,,,,2023-12-16T11:26,False,Don Marsille,iNaturalist,http://creativecommons.org/licenses/by-nc/4.0/,Don Marsille,https://inaturalist-open-data.s3.amazonaws.com/photos/346160323/original.jpg; https://inaturalist-open-data.s3.amazonaws.com/photos/346160326/original.jpg; https://inaturalist-open-data.s3.amazonaws.com/photos/346160358/original.jpg,k-western-south-america,2024-10-25 23:20:49
original_4512334204_2.jpg,2871376,Spirodela punctata,4.256,"Coeligena wilsoni (Delattre & Bourcier, 1846)",2477042,0.019935,-78.707171,212.0,SOUTH_AMERICA,Pichincha,,,,2023-12-16T11:26,False,Don Marsille,iNaturalist,http://creativecommons.org/licenses/by-nc/4.0/,Don Marsille,https://inaturalist-open-data.s3.amazonaws.com/photos/346160323/original.jpg; https://inaturalist-open-data.s3.amazonaws.com/photos/346160326/original.jpg; https://inaturalist-open-data.s3.amazonaws.com/photos/346160358/original.jpg,k-western-south-america,2024-10-25 23:20:51
original_4512334204_3.jpg,2930137,Solanum lycopersicum,1.001,"Coeligena wilsoni (Delattre & Bourcier, 1846)",2477042,0.019935,-78.707171,212.0,SOUTH_AMERICA,Pichincha,,,,2023-12-16T11:26,False,Don Marsille,iNaturalist,http://creativecommons.org/licenses/by-nc/4.0/,Don Marsille,https://inaturalist-open-data.s3.amazonaws.com/photos/346160323/original.jpg; https://inaturalist-open-data.s3.amazonaws.com/photos/346160326/original.jpg; https://inaturalist-open-data.s3.amazonaws.com/photos/346160358/original.jpg,k-western-south-america,2024-10-25 23:20:53
original_4525255407_1.jpeg,5288138,Pitcairnia brittoniana,3.415,"Coeligena wilsoni (Delattre & Bourcier, 1846)",2477042,-0.025377,-78.7586,231.0,SOUTH_AMERICA,Pichincha,,,,2024-01-27T11:59,False,Rob Foster,iNaturalist,http://creativecommons.org/licenses/by/4.0/,Rob Foster,https://inaturalist-open-data.s3.amazonaws.com/photos/351751149/original.jpeg; https://inaturalist-open-data.s3.amazonaws.com/photos/351751153/original.jpeg; https://inaturalist-open-data.s3.amazonaws.com/photos/351751161/original.jpeg; https://inaturalist-open-data.s3.amazonaws.com/photos/351751165/original.jpeg,k-western-south-america,2024-10-25 23:21:25
original_4525255407_4.jpeg,5590493,Drymonia serrulata,4.447,"Coeligena wilsoni (Delattre & Bourcier, 1846)",2477042,-0.025377,-78.7586,231.0,SOUTH_AMERICA,Pichincha,,,,2024-01-27T11:59,False,Rob Foster,iNaturalist,http://creativecommons.org/licenses/by/4.0/,Rob Foster,https://inaturalist-open-data.s3.amazonaws.com/photos/351751149/original.jpeg; https://inaturalist-open-data.s3.amazonaws.com/photos/351751153/original.jpeg; https://inaturalist-open-data.s3.amazonaws.com/photos/351751161/original.jpeg; https://inaturalist-open-data.s3.amazonaws.com/photos/351751165/original.jpeg,k-western-south-america,2024-10-25 23:21:31
original_4525358110_1.jpeg,2931279,Solanum furcatum,1.3259999999999998,"Coeligena wilsoni (Delattre & Bourcier, 1846)",2477042,-0.007145,-78.7208,,SOUTH_AMERICA,Pichincha,,,,2023-12-03T16:08,False,Creed Clayton,iNaturalist,http://creativecommons.org/licenses/by-nc-nd/4.0/,Creed Clayton,https://inaturalist-open-data.s3.amazonaws.com/photos/352533856/original.jpeg,k-western-south-america,2024-10-25 23:21:34
original_4599845068_1.jpg,7610513,Boehmeria caudata,2.022,"Coeligena wilsoni (Delattre & Bourcier, 1846)",2477042,0.019935,-78.707171,212.0,SOUTH_AMERICA,Pichincha,,,,2020-01-22T11:09,False,Jon Pleizier,iNaturalist,http://creativecommons.org/licenses/by-nc/4.0/,Jon Pleizier,https://inaturalist-open-data.s3.amazonaws.com/photos/359201404/original.jpg,k-western-south-america,2024-10-25 23:21:39
original_4599863939_1.jpg,3055511,Alchornea triplinervia,4.112,"Coeligena wilsoni (Delattre & Bourcier, 1846)",2477042,0.003005,-78.678581,19.0,SOUTH_AMERICA,Pichincha,,,,2020-01-18T13:25,False,Jon Pleizier,iNaturalist,http://creativecommons.org/licenses/by-nc/4.0/,Jon Pleizier,https://inaturalist-open-data.s3.amazonaws.com/photos/359098189/original.jpg,k-western-south-america,2024-10-25 23:21:41
original_4600163303_1.jpg,5412613,Centropogon cornutus,4.301,"Coeligena wilsoni (Delattre & Bourcier, 1846)",2477042,-0.024618,-78.724561,8.0,SOUTH_AMERICA,Pichincha,,,,2023-11-17T10:58,False,guylafond,iNaturalist,http://creativecommons.org/licenses/by-nc/4.0/,guylafond,https://inaturalist-open-data.s3.amazonaws.com/photos/359283562/original.jpg,k-western-south-america,2024-10-25 23:21:44
original_4606699045_1.jpg,5372477,Callitriche terrestris,2.827,"Coeligena wilsoni (Delattre & Bourcier, 1846)",2477042,0.036484,-78.697345,61.0,SOUTH_AMERICA,Pichincha,,,,2023-11-18T09:32,False,guylafond,iNaturalist,http://creativecommons.org/licenses/by-nc/4.0/,guylafond,https://inaturalist-open-data.s3.amazonaws.com/photos/361088499/original.jpg; https://inaturalist-open-data.s3.amazonaws.com/photos/361088671/original.jpg; https://inaturalist-open-data.s3.amazonaws.com/photos/361088676/original.jpg,k-western-south-america,2024-10-25 23:21:47
original_4606699045_3.jpg,5331145,Casearia aculeata,0.8880000000000001,"Coeligena wilsoni (Delattre & Bourcier, 1846)",2477042,0.036484,-78.697345,61.0,SOUTH_AMERICA,Pichincha,,,,2023-11-18T09:32,False,guylafond,iNaturalist,http://creativecommons.org/licenses/by-nc/4.0/,guylafond,https://inaturalist-open-data.s3.amazonaws.com/photos/361088499/original.jpg; https://inaturalist-open-data.s3.amazonaws.com/photos/361088671/original.jpg; https://inaturalist-open-data.s3.amazonaws.com/photos/361088676/original.jpg,k-western-south-america,2024-10-25 23:21:52
original_4606923995_1.jpg,5588997,Columnea purpurata,5.137,"Coeligena wilsoni (Delattre & Bourcier, 1846)",2477042,0.15977,-78.853447,,SOUTH_AMERICA,Pichincha,,,,2024-03-07T10:26,False,Andrew Newmark,iNaturalist,http://creativecommons.org/licenses/by-nc/4.0/,Andrew Newmark,https://inaturalist-open-data.s3.amazonaws.com/photos/362177112/original.jpg,k-western-south-america,2024-10-25 23:21:54
original_4607013217_1.jpeg,2705733,Oplismenus compositus,1.8870000000000002,"Coeligena wilsoni (Delattre & Bourcier, 1846)",2477042,0.022972,-78.710748,,SOUTH_AMERICA,Pichincha,,,,2024-03-02T10:35,False,craigjhowe,iNaturalist,http://creativecommons.org/licenses/by-nc/4.0/,craigjhowe,https://inaturalist-open-data.s3.amazonaws.com/photos/362586829/original.jpeg; https://inaturalist-open-data.s3.amazonaws.com/photos/362586866/original.jpeg; https://inaturalist-open-data.s3.amazonaws.com/photos/362586867/original.jpeg; https://inaturalist-open-data.s3.amazonaws.com/photos/362586875/original.jpeg; https://inaturalist-open-data.s3.amazonaws.com/photos/362586895/original.jpeg,k-western-south-america,2024-10-25 23:21:56
original_4607013217_2.jpeg,5288518,Pitcairnia heterophylla,0.876,"Coeligena wilsoni (Delattre & Bourcier, 1846)",2477042,0.022972,-78.710748,,SOUTH_AMERICA,Pichincha,,,,2024-03-02T10:35,False,craigjhowe,iNaturalist,http://creativecommons.org/licenses/by-nc/4.0/,craigjhowe,https://inaturalist-open-data.s3.amazonaws.com/photos/362586829/original.jpeg; https://inaturalist-open-data.s3.amazonaws.com/photos/362586866/original.jpeg; https://inaturalist-open-data.s3.amazonaws.com/photos/362586867/original.jpeg; https://inaturalist-open-data.s3.amazonaws.com/photos/362586875/original.jpeg; https://inaturalist-open-data.s3.amazonaws.com/photos/362586895/original.jpeg,k-western-south-america,2024-10-25 23:21:57
original_4607013217_3.jpeg,5372914,Salix humboldtiana,3.267,"Coeligena wilsoni (Delattre & Bourcier, 1846)",2477042,0.022972,-78.710748,,SOUTH_AMERICA,Pichincha,,,,2024-03-02T10:35,False,craigjhowe,iNaturalist,http://creativecommons.org/licenses/by-nc/4.0/,craigjhowe,https://inaturalist-open-data.s3.amazonaws.com/photos/362586829/original.jpeg; https://inaturalist-open-data.s3.amazonaws.com/photos/362586866/original.jpeg; https://inaturalist-open-data.s3.amazonaws.com/photos/362586867/original.jpeg; https://inaturalist-open-data.s3.amazonaws.com/photos/362586875/original.jpeg; https://inaturalist-open-data.s3.amazonaws.com/photos/362586895/original.jpeg,k-western-south-america,2024-10-25 23:21:59
original_4607013217_5.jpeg,5320021,Epidendrum nocturnum,1.505,"Coeligena wilsoni (Delattre & Bourcier, 1846)",2477042,0.022972,-78.710748,,SOUTH_AMERICA,Pichincha,,,,2024-03-02T10:35,False,craigjhowe,iNaturalist,http://creativecommons.org/licenses/by-nc/4.0/,craigjhowe,https://inaturalist-open-data.s3.amazonaws.com/photos/362586829/original.jpeg; https://inaturalist-open-data.s3.amazonaws.com/photos/362586866/original.jpeg; https://inaturalist-open-data.s3.amazonaws.com/photos/362586867/original.jpeg; https://inaturalist-open-data.s3.amazonaws.com/photos/362586875/original.jpeg; https://inaturalist-open-data.s3.amazonaws.com/photos/362586895/original.jpeg,k-western-south-america,2024-10-25 23:22:02
original_4607408030_1.jpg,5290149,Phragmites australis,2.705,"Coeligena wilsoni (Delattre & Bourcier, 1846)",2477042,5.3731,-75.891,19457.0,SOUTH_AMERICA,Caldas,,,,2024-03-24T13:54,False,David Monroy R,iNaturalist,http://creativecommons.org/licenses/by-nc/4.0/,David Monroy R,https://inaturalist-open-data.s3.amazonaws.com/photos/360477785/original.jpg,k-western-south-america,2024-10-25 23:22:05
original_4846867797_1.jpeg,8368994,Passiflora mixta,12.407,"Coeligena wilsoni (Delattre & Bourcier, 1846)",2477042,0.118224,-78.611442,108.0,SOUTH_AMERICA,Pichincha,,,,2023-01-11T08:21,False,Megan Hanson,iNaturalist,http://creativecommons.org/licenses/by-nc/4.0/,Megan Hanson,https://inaturalist-open-data.s3.amazonaws.com/photos/255843348/original.jpeg,k-western-south-america,2024-10-25 23:22:08
original_4853173991_1.jpeg,2792457,Polystachya concreta,17.513,"Coeligena wilsoni (Delattre & Bourcier, 1846)",2477042,0.159151,-78.860357,243.0,SOUTH_AMERICA,Pichincha,,,,2024-04-26T16:55,False,Francisco Prieto Albuja,iNaturalist,http://creativecommons.org/licenses/by-nc/4.0/,Francisco Prieto Albuja,https://inaturalist-open-data.s3.amazonaws.com/photos/373052137/original.jpeg,k-western-south-america,2024-10-25 23:22:19
original_4875493799_1.jpeg,7691855,Passovia pedunculata,2.508,"Coeligena wilsoni (Delattre & Bourcier, 1846)",2477042,0.159151,-78.860357,243.0,SOUTH_AMERICA,Pichincha,,,,2024-04-26T16:29,False,Francisco Prieto Albuja,iNaturalist,http://creativecommons.org/licenses/by-nc/4.0/,Francisco Prieto Albuja,https://inaturalist-open-data.s3.amazonaws.com/photos/373042572/original.jpeg; https://inaturalist-open-data.s3.amazonaws.com/photos/373042577/original.jpeg,k-western-south-america,2024-10-25 23:22:28
original_4875493799_2.jpeg,7691855,Passovia pedunculata,2.871,"Coeligena wilsoni (Delattre & Bourcier, 1846)",2477042,0.159151,-78.860357,243.0,SOUTH_AMERICA,Pichincha,,,,2024-04-26T16:29,False,Francisco Prieto Albuja,iNaturalist,http://creativecommons.org/licenses/by-nc/4.0/,Francisco Prieto Albuja,https://inaturalist-open-data.s3.amazonaws.com/photos/373042572/original.jpeg; https://inaturalist-open-data.s3.amazonaws.com/photos/373042577/original.jpeg,k-western-south-america,2024-10-25 23:22:30
original_4892076706_1.jpg,2766846,Agave angustifolia,2.929,"Coeligena wilsoni (Delattre & Bourcier, 1846)",2477042,5.24796,-76.10528,,SOUTH_AMERICA,Risaralda,,,,2024-01-26T08:19,False,Don Marsille,iNaturalist,http://creativecommons.org/licenses/by-nc/4.0/,Don Marsille,https://inaturalist-open-data.s3.amazonaws.com/photos/382715181/original.jpg,k-western-south-america,2024-10-25 23:22:33
original_4901123191_2.jpg,4135005,Lasiacis nigra,5.737,"Coeligena wilsoni (Delattre & Bourcier, 1846)",2477042,0.058397,-78.742801,23.0,SOUTH_AMERICA,Pichincha,,,,2022-10-26T10:05,False,Jose Granizo,iNaturalist,http://creativecommons.org/licenses/by-nc/4.0/,Jose Granizo,https://inaturalist-open-data.s3.amazonaws.com/photos/240420838/original.jpg; https://inaturalist-open-data.s3.amazonaws.com/photos/240420853/original.jpg,k-western-south-america,2024-10-25 23:22:40
original_4909191914_1.jpg,7270457,Voyria aurantiaca,7.996,"Coeligena wilsoni (Delattre & Bourcier, 1846)",2477042,0.159796,-78.85327,4.0,SOUTH_AMERICA,Pichincha,,,,2024-07-14T08:52,False,David Torres,iNaturalist,http://creativecommons.org/licenses/by-nc/4.0/,David Torres,https://inaturalist-open-data.s3.amazonaws.com/photos/407947836/original.jpg; https://inaturalist-open-data.s3.amazonaws.com/photos/407947844/original.jpg; https://inaturalist-open-data.s3.amazonaws.com/photos/407947850/original.jpg,k-western-south-america,2024-10-25 23:22:52
original_4909191914_2.jpg,7303483,Begonia fischeri,2.7640000000000002,"Coeligena wilsoni (Delattre & Bourcier, 1846)",2477042,0.159796,-78.85327,4.0,SOUTH_AMERICA,Pichincha,,,,2024-07-14T08:52,False,David Torres,iNaturalist,http://creativecommons.org/licenses/by-nc/4.0/,David Torres,https://inaturalist-open-data.s3.amazonaws.com/photos/407947836/original.jpg; https://inaturalist-open-data.s3.amazonaws.com/photos/407947844/original.jpg; https://inaturalist-open-data.s3.amazonaws.com/photos/407947850/original.jpg,k-western-south-america,2024-10-25 23:22:55
original_4909191914_3.jpg,7270457,Voyria aurantiaca,7.521,"Coeligena wilsoni (Delattre & Bourcier, 1846)",2477042,0.159796,-78.85327,4.0,SOUTH_AMERICA,Pichincha,,,,2024-07-14T08:52,False,David Torres,iNaturalist,http://creativecommons.org/licenses/by-nc/4.0/,David Torres,https://inaturalist-open-data.s3.amazonaws.com/photos/407947836/original.jpg; https://inaturalist-open-data.s3.amazonaws.com/photos/407947844/original.jpg; https://inaturalist-open-data.s3.amazonaws.com/photos/407947850/original.jpg,k-western-south-america,2024-10-25 23:22:57
original_4919130649_1.jpg,8185162,Symphonia globulifera,4.3790000000000004,"Coeligena wilsoni (Delattre & Bourcier, 1846)",2477042,1.305314,-78.111594,190.0,SOUTH_AMERICA,Nariño,,,,2024-02-14T07:46,False,Rich Kostecke,iNaturalist,http://creativecommons.org/licenses/by-nc/4.0/,Rich Kostecke,https://inaturalist-open-data.s3.amazonaws.com/photos/411008230/original.jpg,k-western-south-america,2024-10-25 23:22:59
original_4921489507_1.jpeg,3778815,Sanchezia parvibracteata,35.488,"Coeligena wilsoni (Delattre & Bourcier, 1846)",2477042,1.28594,-78.074374,15.0,SOUTH_AMERICA,Nariño,,,,2024-07-27T13:46,False,Juan Camilo Muñoz,iNaturalist,http://creativecommons.org/licenses/by-nc/4.0/,Juan Camilo Muñoz,https://inaturalist-open-data.s3.amazonaws.com/photos/414030285/original.jpeg; https://inaturalist-open-data.s3.amazonaws.com/photos/414030874/original.jpeg,k-western-south-america,2024-10-25 23:23:02
original_4921489507_2.jpeg,3778815,Sanchezia parvibracteata,52.17,"Coeligena wilsoni (Delattre & Bourcier, 1846)",2477042,1.28594,-78.074374,15.0,SOUTH_AMERICA,Nariño,,,,2024-07-27T13:46,False,Juan Camilo Muñoz,iNaturalist,http://creativecommons.org/licenses/by-nc/4.0/,Juan Camilo Muñoz,https://inaturalist-open-data.s3.amazonaws.com/photos/414030285/original.jpeg; https://inaturalist-open-data.s3.amazonaws.com/photos/414030874/original.jpeg,k-western-south-america,2024-10-25 23:23:04
