"","Assemblage","cell_long","cell_lat","variable","value"
"1","492111",-2465496.53045529,4248406.03449098,"qTD",0.953544374893088
"2","492111",-2465496.53045529,4248406.03449098,"qPD",0.953544209133003
"3","492111",-2465496.53045529,4248406.03449098,"qFD",0.953544365357645
"4","492111",-2465496.53045529,4248406.03449098,"connectance",0.24
"5","492111",-2465496.53045529,4248406.03449098,"compartment.diversity",2.36517352331106
"6","492111",-2465496.53045529,4248406.03449098,"cluster.coefficient",0.2
"7","492111",-2465496.53045529,4248406.03449098,"NODF",21.8181818181818
"8","492111",-2465496.53045529,4248406.03449098,"H2",0.718578509775902
"9","492111",-2465496.53045529,4248406.03449098,"cluster.coefficient.HL",0.274285714285714
"10","492111",-2465496.53045529,4248406.03449098,"cluster.coefficient.LL",0.542857142857143
"11","510328",-2395496.53045529,4098406.03449098,"qTD",1.72656599296892
"12","510328",-2395496.53045529,4098406.03449098,"qPD",1.18832693042375
"13","510328",-2395496.53045529,4098406.03449098,"qFD",1.19764838953989
"14","510328",-2395496.53045529,4098406.03449098,"connectance",0.274509803921569
"15","510328",-2395496.53045529,4098406.03449098,"compartment.diversity",NA
"16","510328",-2395496.53045529,4098406.03449098,"cluster.coefficient",0.333333333333333
"17","510328",-2395496.53045529,4098406.03449098,"NODF",40.1655629139073
"18","510328",-2395496.53045529,4098406.03449098,"H2",0.54257437279631
"19","510328",-2395496.53045529,4098406.03449098,"cluster.coefficient.HL",0.33578431372549
"20","510328",-2395496.53045529,4098406.03449098,"cluster.coefficient.LL",0.496539792387543
"21","575984",-1395496.53045529,3558406.03449098,"qTD",1.18378306870284
"22","575984",-1395496.53045529,3558406.03449098,"qPD",1.07924750999405
"23","575984",-1395496.53045529,3558406.03449098,"qFD",1.06657003837224
"24","575984",-1395496.53045529,3558406.03449098,"connectance",0.333333333333333
"25","575984",-1395496.53045529,3558406.03449098,"compartment.diversity",NA
"26","575984",-1395496.53045529,3558406.03449098,"cluster.coefficient",0.166666666666667
"27","575984",-1395496.53045529,3558406.03449098,"NODF",36
"28","575984",-1395496.53045529,3558406.03449098,"H2",0.0415775608483971
"29","575984",-1395496.53045529,3558406.03449098,"cluster.coefficient.HL",0.895833333333333
"30","575984",-1395496.53045529,3558406.03449098,"cluster.coefficient.LL",0.7
"31","606397",-765496.530455287,3308406.03449098,"qTD",1.82916805497276
"32","606397",-765496.530455287,3308406.03449098,"qPD",1.73312401842397
"33","606397",-765496.530455287,3308406.03449098,"qFD",1.23111299572824
"34","606397",-765496.530455287,3308406.03449098,"connectance",0.275
"35","606397",-765496.530455287,3308406.03449098,"compartment.diversity",1.53621718610039
"36","606397",-765496.530455287,3308406.03449098,"cluster.coefficient",0.2
"37","606397",-765496.530455287,3308406.03449098,"NODF",14.4736842105263
"38","606397",-765496.530455287,3308406.03449098,"H2",0.656802637393765
"39","606397",-765496.530455287,3308406.03449098,"cluster.coefficient.HL",0.285714285714286
"40","606397",-765496.530455287,3308406.03449098,"cluster.coefficient.LL",0.422619047619048
"41","687688",-1235496.53045529,2638406.03449098,"qTD",1.23357287492076
"42","687688",-1235496.53045529,2638406.03449098,"qPD",1.20654595767656
"43","687688",-1235496.53045529,2638406.03449098,"qFD",1.08359946192107
"44","687688",-1235496.53045529,2638406.03449098,"connectance",0.26
"45","687688",-1235496.53045529,2638406.03449098,"compartment.diversity",2.14846668848443
"46","687688",-1235496.53045529,2638406.03449098,"cluster.coefficient",0.2
"47","687688",-1235496.53045529,2638406.03449098,"NODF",28.4848484848485
"48","687688",-1235496.53045529,2638406.03449098,"H2",0.721119826770881
"49","687688",-1235496.53045529,2638406.03449098,"cluster.coefficient.HL",0.33030303030303
"50","687688",-1235496.53045529,2638406.03449098,"cluster.coefficient.LL",0.451515151515151
"51","705937",-845496.530455287,2488406.03449098,"qTD",1.66266427129037
"52","705937",-845496.530455287,2488406.03449098,"qPD",1.45509493930941
"53","705937",-845496.530455287,2488406.03449098,"qFD",1.17994951333563
"54","705937",-845496.530455287,2488406.03449098,"connectance",0.236111111111111
"55","705937",-845496.530455287,2488406.03449098,"compartment.diversity",NA
"56","705937",-845496.530455287,2488406.03449098,"cluster.coefficient",0.166666666666667
"57","705937",-845496.530455287,2488406.03449098,"NODF",27.1604938271605
"58","705937",-845496.530455287,2488406.03449098,"H2",0.41135141158429
"59","705937",-845496.530455287,2488406.03449098,"cluster.coefficient.HL",0.412698412698413
"60","705937",-845496.530455287,2488406.03449098,"cluster.coefficient.LL",0.46031746031746
"61","705957",-645496.530455287,2488406.03449098,"qTD",3.87263538743545
"62","705957",-645496.530455287,2488406.03449098,"qPD",2.95187038435689
"63","705957",-645496.530455287,2488406.03449098,"qFD",1.7893076580268
"64","705957",-645496.530455287,2488406.03449098,"connectance",0.26530612244898
"65","705957",-645496.530455287,2488406.03449098,"compartment.diversity",NA
"66","705957",-645496.530455287,2488406.03449098,"cluster.coefficient",0.285714285714286
"67","705957",-645496.530455287,2488406.03449098,"NODF",23.8095238095238
"68","705957",-645496.530455287,2488406.03449098,"H2",0.709490833967135
"69","705957",-645496.530455287,2488406.03449098,"cluster.coefficient.HL",0.341836734693878
"70","705957",-645496.530455287,2488406.03449098,"cluster.coefficient.LL",0.270408163265306
"71","707149",-865496.530455287,2478406.03449098,"qTD",4.75000846736013
"72","707149",-865496.530455287,2478406.03449098,"qPD",4.10376592506558
"73","707149",-865496.530455287,2478406.03449098,"qFD",1.84321833091726
"74","707149",-865496.530455287,2478406.03449098,"connectance",0.222222222222222
"75","707149",-865496.530455287,2478406.03449098,"compartment.diversity",3.70100863758682
"76","707149",-865496.530455287,2478406.03449098,"cluster.coefficient",0.166666666666667
"77","707149",-865496.530455287,2478406.03449098,"NODF",10
"78","707149",-865496.530455287,2478406.03449098,"H2",0.5
"79","707149",-865496.530455287,2478406.03449098,"cluster.coefficient.HL",0.314814814814815
"80","707149",-865496.530455287,2478406.03449098,"cluster.coefficient.LL",0.240740740740741
"81","708359",-905496.530455287,2468406.03449098,"qTD",3.93759962747162
"82","708359",-905496.530455287,2468406.03449098,"qPD",2.72499710563235
"83","708359",-905496.530455287,2468406.03449098,"qFD",1.72227205596239
"84","708359",-905496.530455287,2468406.03449098,"connectance",0.388888888888889
"85","708359",-905496.530455287,2468406.03449098,"compartment.diversity",NA
"86","708359",-905496.530455287,2468406.03449098,"cluster.coefficient",0.333333333333333
"87","708359",-905496.530455287,2468406.03449098,"NODF",39.2857142857143
"88","708359",-905496.530455287,2468406.03449098,"H2",0.59298098188371
"89","708359",-905496.530455287,2468406.03449098,"cluster.coefficient.HL",0.582491582491582
"90","708359",-905496.530455287,2468406.03449098,"cluster.coefficient.LL",0.409090909090909
"91","708364",-855496.530455287,2468406.03449098,"qTD",1.89727513647732
"92","708364",-855496.530455287,2468406.03449098,"qPD",1.60152868416761
"93","708364",-855496.530455287,2468406.03449098,"qFD",1.20560347433125
"94","708364",-855496.530455287,2468406.03449098,"connectance",0.241758241758242
"95","708364",-855496.530455287,2468406.03449098,"compartment.diversity",NA
"96","708364",-855496.530455287,2468406.03449098,"cluster.coefficient",0.142857142857143
"97","708364",-855496.530455287,2468406.03449098,"NODF",38.8888888888889
"98","708364",-855496.530455287,2468406.03449098,"H2",0.364871214928427
"99","708364",-855496.530455287,2468406.03449098,"cluster.coefficient.HL",0.560267857142857
"100","708364",-855496.530455287,2468406.03449098,"cluster.coefficient.LL",0.409855769230769
"101","709577",-865496.530455287,2458406.03449098,"qTD",2.91187135880861
"102","709577",-865496.530455287,2458406.03449098,"qPD",2.42250642891273
"103","709577",-865496.530455287,2458406.03449098,"qFD",1.41169289786773
"104","709577",-865496.530455287,2458406.03449098,"connectance",0.228571428571429
"105","709577",-865496.530455287,2458406.03449098,"compartment.diversity",NA
"106","709577",-865496.530455287,2458406.03449098,"cluster.coefficient",0.142857142857143
"107","709577",-865496.530455287,2458406.03449098,"NODF",32.9545454545455
"108","709577",-865496.530455287,2458406.03449098,"H2",0.448523217267277
"109","709577",-865496.530455287,2458406.03449098,"cluster.coefficient.HL",0.533333333333333
"110","709577",-865496.530455287,2458406.03449098,"cluster.coefficient.LL",0.3
"111","709578",-855496.530455287,2458406.03449098,"qTD",1.92219742163328
"112","709578",-855496.530455287,2458406.03449098,"qPD",1.59104728318226
"113","709578",-855496.530455287,2458406.03449098,"qFD",1.22496176016411
"114","709578",-855496.530455287,2458406.03449098,"connectance",0.150649350649351
"115","709578",-855496.530455287,2458406.03449098,"compartment.diversity",1.19583527094272
"116","709578",-855496.530455287,2458406.03449098,"cluster.coefficient",0.0909090909090909
"117","709578",-855496.530455287,2458406.03449098,"NODF",40.7136752136752
"118","709578",-855496.530455287,2458406.03449098,"H2",0.352255241042423
"119","709578",-855496.530455287,2458406.03449098,"cluster.coefficient.HL",0.334742776603242
"120","709578",-855496.530455287,2458406.03449098,"cluster.coefficient.LL",0.437873754152824
"121","709579",-845496.530455287,2458406.03449098,"qTD",1.29564266619093
"122","709579",-845496.530455287,2458406.03449098,"qPD",1.14803965358369
"123","709579",-845496.530455287,2458406.03449098,"qFD",1.11201916100711
"124","709579",-845496.530455287,2458406.03449098,"connectance",0.217948717948718
"125","709579",-845496.530455287,2458406.03449098,"compartment.diversity",1.40003292973449
"126","709579",-845496.530455287,2458406.03449098,"cluster.coefficient",0.166666666666667
"127","709579",-845496.530455287,2458406.03449098,"NODF",22.8494623655914
"128","709579",-845496.530455287,2458406.03449098,"H2",0.538916489378671
"129","709579",-845496.530455287,2458406.03449098,"cluster.coefficient.HL",0.343253968253968
"130","709579",-845496.530455287,2458406.03449098,"cluster.coefficient.LL",0.414835164835165
"131","709587",-765496.530455287,2458406.03449098,"qTD",2.96864584766981
"132","709587",-765496.530455287,2458406.03449098,"qPD",2.73748005074693
"133","709587",-765496.530455287,2458406.03449098,"qFD",1.50854304547897
"134","709587",-765496.530455287,2458406.03449098,"connectance",0.244897959183673
"135","709587",-765496.530455287,2458406.03449098,"compartment.diversity",2.21734745227321
"136","709587",-765496.530455287,2458406.03449098,"cluster.coefficient",0.142857142857143
"137","709587",-765496.530455287,2458406.03449098,"NODF",28.968253968254
"138","709587",-765496.530455287,2458406.03449098,"H2",0.510596586318077
"139","709587",-765496.530455287,2458406.03449098,"cluster.coefficient.HL",0.403726708074534
"140","709587",-765496.530455287,2458406.03449098,"cluster.coefficient.LL",0.341614906832298
"141","710792",-855496.530455287,2448406.03449098,"qTD",1.87466583622395
"142","710792",-855496.530455287,2448406.03449098,"qPD",1.58011494815378
"143","710792",-855496.530455287,2448406.03449098,"qFD",1.23661077101033
"144","710792",-855496.530455287,2448406.03449098,"connectance",0.238095238095238
"145","710792",-855496.530455287,2448406.03449098,"compartment.diversity",2.29653742340736
"146","710792",-855496.530455287,2448406.03449098,"cluster.coefficient",0.285714285714286
"147","710792",-855496.530455287,2448406.03449098,"NODF",27.4853801169591
"148","710792",-855496.530455287,2448406.03449098,"H2",0.700297551205542
"149","710792",-855496.530455287,2448406.03449098,"cluster.coefficient.HL",0.320843091334895
"150","710792",-855496.530455287,2448406.03449098,"cluster.coefficient.LL",0.411657559198543
"151","710793",-845496.530455287,2448406.03449098,"qTD",1.6120191569141
"152","710793",-845496.530455287,2448406.03449098,"qPD",1.55381929557985
"153","710793",-845496.530455287,2448406.03449098,"qFD",1.22587721102324
"154","710793",-845496.530455287,2448406.03449098,"connectance",0.3
"155","710793",-845496.530455287,2448406.03449098,"compartment.diversity",1.60663079608635
"156","710793",-845496.530455287,2448406.03449098,"cluster.coefficient",0.3
"157","710793",-845496.530455287,2448406.03449098,"NODF",26
"158","710793",-845496.530455287,2448406.03449098,"H2",0.594303506479579
"159","710793",-845496.530455287,2448406.03449098,"cluster.coefficient.HL",0.3625
"160","710793",-845496.530455287,2448406.03449098,"cluster.coefficient.LL",0.479166666666667
"161","712027",-645496.530455287,2438406.03449098,"qTD",2.84169864709997
"162","712027",-645496.530455287,2438406.03449098,"qPD",2.20231638526168
"163","712027",-645496.530455287,2438406.03449098,"qFD",1.51048078934842
"164","712027",-645496.530455287,2438406.03449098,"connectance",0.233333333333333
"165","712027",-645496.530455287,2438406.03449098,"compartment.diversity",3.82712236060196
"166","712027",-645496.530455287,2438406.03449098,"cluster.coefficient",0.2
"167","712027",-645496.530455287,2438406.03449098,"NODF",0
"168","712027",-645496.530455287,2438406.03449098,"H2",0.666666666666667
"169","712027",-645496.530455287,2438406.03449098,"cluster.coefficient.HL",0.244444444444444
"170","712027",-645496.530455287,2438406.03449098,"cluster.coefficient.LL",0.314814814814815
"171","713228",-775496.530455287,2428406.03449098,"qTD",2.689739380059
"172","713228",-775496.530455287,2428406.03449098,"qPD",2.52069046652923
"173","713228",-775496.530455287,2428406.03449098,"qFD",1.37796396554306
"174","713228",-775496.530455287,2428406.03449098,"connectance",0.183333333333333
"175","713228",-775496.530455287,2428406.03449098,"compartment.diversity",4
"176","713228",-775496.530455287,2428406.03449098,"cluster.coefficient",0.166666666666667
"177","713228",-775496.530455287,2428406.03449098,"NODF",8.88888888888889
"178","713228",-775496.530455287,2428406.03449098,"H2",0.867832658000327
"179","713228",-775496.530455287,2428406.03449098,"cluster.coefficient.HL",0.198412698412698
"180","713228",-775496.530455287,2428406.03449098,"cluster.coefficient.LL",0.223809523809524
"181","714433",-865496.530455287,2418406.03449098,"qTD",5.37913569059486
"182","714433",-865496.530455287,2418406.03449098,"qPD",3.52452138514794
"183","714433",-865496.530455287,2418406.03449098,"qFD",1.66910669136271
"184","714433",-865496.530455287,2418406.03449098,"connectance",0.178571428571429
"185","714433",-865496.530455287,2418406.03449098,"compartment.diversity",4.17987065346641
"186","714433",-865496.530455287,2418406.03449098,"cluster.coefficient",0.125
"187","714433",-865496.530455287,2418406.03449098,"NODF",12.2448979591837
"188","714433",-865496.530455287,2418406.03449098,"H2",0.6
"189","714433",-865496.530455287,2418406.03449098,"cluster.coefficient.HL",0.298076923076923
"190","714433",-865496.530455287,2418406.03449098,"cluster.coefficient.LL",0.21978021978022
"191","737517",-685496.530455287,2228406.03449098,"qTD",2.1859261604748
"192","737517",-685496.530455287,2228406.03449098,"qPD",1.92332628726167
"193","737517",-685496.530455287,2228406.03449098,"qFD",1.43083399365152
"194","737517",-685496.530455287,2228406.03449098,"connectance",0.35
"195","737517",-685496.530455287,2228406.03449098,"compartment.diversity",1.69843323402318
"196","737517",-685496.530455287,2228406.03449098,"cluster.coefficient",0.2
"197","737517",-685496.530455287,2228406.03449098,"NODF",37.5
"198","737517",-685496.530455287,2228406.03449098,"H2",0.326140242169992
"199","737517",-685496.530455287,2228406.03449098,"cluster.coefficient.HL",0.615384615384615
"200","737517",-685496.530455287,2228406.03449098,"cluster.coefficient.LL",0.423076923076923
"201","748482",-295496.530455287,2138406.03449098,"qTD",2.23069134222939
"202","748482",-295496.530455287,2138406.03449098,"qPD",2.10390288823114
"203","748482",-295496.530455287,2138406.03449098,"qFD",1.41712548858783
"204","748482",-295496.530455287,2138406.03449098,"connectance",0.22
"205","748482",-295496.530455287,2138406.03449098,"compartment.diversity",3.70441679204656
"206","748482",-295496.530455287,2138406.03449098,"cluster.coefficient",0.2
"207","748482",-295496.530455287,2138406.03449098,"NODF",0
"208","748482",-295496.530455287,2138406.03449098,"H2",0.75
"209","748482",-295496.530455287,2138406.03449098,"cluster.coefficient.HL",0.269565217391304
"210","748482",-295496.530455287,2138406.03449098,"cluster.coefficient.LL",0.3
"211","756989",-205496.530455287,2068406.03449098,"qTD",3.48214265148181
"212","756989",-205496.530455287,2068406.03449098,"qPD",2.79396249436859
"213","756989",-205496.530455287,2068406.03449098,"qFD",1.57570452357931
"214","756989",-205496.530455287,2068406.03449098,"connectance",0.266666666666667
"215","756989",-205496.530455287,2068406.03449098,"compartment.diversity",2.4782069486465
"216","756989",-205496.530455287,2068406.03449098,"cluster.coefficient",0.2
"217","756989",-205496.530455287,2068406.03449098,"NODF",18
"218","756989",-205496.530455287,2068406.03449098,"H2",0
"219","756989",-205496.530455287,2068406.03449098,"cluster.coefficient.HL",0.3
"220","756989",-205496.530455287,2068406.03449098,"cluster.coefficient.LL",0.333333333333333
"221","773986",-195496.530455287,1928406.03449098,"qTD",2.64686570084675
"222","773986",-195496.530455287,1928406.03449098,"qPD",2.48076776615857
"223","773986",-195496.530455287,1928406.03449098,"qFD",1.57525246623256
"224","773986",-195496.530455287,1928406.03449098,"connectance",0.533333333333333
"225","773986",-195496.530455287,1928406.03449098,"compartment.diversity",NA
"226","773986",-195496.530455287,1928406.03449098,"cluster.coefficient",0.6
"227","773986",-195496.530455287,1928406.03449098,"NODF",26.9230769230769
"228","773986",-195496.530455287,1928406.03449098,"H2",0.591071710969335
"229","773986",-195496.530455287,1928406.03449098,"cluster.coefficient.HL",0.5
"230","773986",-195496.530455287,1928406.03449098,"cluster.coefficient.LL",0.523809523809524
"231","776452",184503.469544713,1908406.03449098,"qTD",5.49998938993598
"232","776452",184503.469544713,1908406.03449098,"qPD",4.36489328312259
"233","776452",184503.469544713,1908406.03449098,"qFD",1.85872077630706
"234","776452",184503.469544713,1908406.03449098,"connectance",0.233333333333333
"235","776452",184503.469544713,1908406.03449098,"compartment.diversity",3.9471899191966
"236","776452",184503.469544713,1908406.03449098,"cluster.coefficient",0.166666666666667
"237","776452",184503.469544713,1908406.03449098,"NODF",0
"238","776452",184503.469544713,1908406.03449098,"H2",0.5
"239","776452",184503.469544713,1908406.03449098,"cluster.coefficient.HL",0.270833333333333
"240","776452",184503.469544713,1908406.03449098,"cluster.coefficient.LL",0.25
"241","791030",284503.469544713,1788406.03449098,"qTD",2.05092962231716
"242","791030",284503.469544713,1788406.03449098,"qPD",1.74644974360226
"243","791030",284503.469544713,1788406.03449098,"qFD",1.40534355293192
"244","791030",284503.469544713,1788406.03449098,"connectance",0.291666666666667
"245","791030",284503.469544713,1788406.03449098,"compartment.diversity",1.50699306577254
"246","791030",284503.469544713,1788406.03449098,"cluster.coefficient",0.166666666666667
"247","791030",284503.469544713,1788406.03449098,"NODF",44.5736434108527
"248","791030",284503.469544713,1788406.03449098,"H2",0.511878849183506
"249","791030",284503.469544713,1788406.03449098,"cluster.coefficient.HL",0.363636363636364
"250","791030",284503.469544713,1788406.03449098,"cluster.coefficient.LL",0.460227272727273
"251","804395",394503.469544713,1678406.03449098,"qTD",1.7642129275923
"252","804395",394503.469544713,1678406.03449098,"qPD",1.47139368211425
"253","804395",394503.469544713,1678406.03449098,"qFD",1.25472457865562
"254","804395",394503.469544713,1678406.03449098,"connectance",0.6
"255","804395",394503.469544713,1678406.03449098,"compartment.diversity",NA
"256","804395",394503.469544713,1678406.03449098,"cluster.coefficient",0.6
"257","804395",394503.469544713,1678406.03449098,"NODF",45.4545454545455
"258","804395",394503.469544713,1678406.03449098,"H2",0.835110500923758
"259","804395",394503.469544713,1678406.03449098,"cluster.coefficient.HL",0.98
"260","804395",394503.469544713,1678406.03449098,"cluster.coefficient.LL",0.55
"261","806822",384503.469544713,1658406.03449098,"qTD",2.35446950338511
"262","806822",384503.469544713,1658406.03449098,"qPD",2.22271757983294
"263","806822",384503.469544713,1658406.03449098,"qFD",1.57577519732423
"264","806822",384503.469544713,1658406.03449098,"connectance",0.28
"265","806822",384503.469544713,1658406.03449098,"compartment.diversity",2.80009407285383
"266","806822",384503.469544713,1658406.03449098,"cluster.coefficient",0.2
"267","806822",384503.469544713,1658406.03449098,"NODF",15
"268","806822",384503.469544713,1658406.03449098,"H2",0.840760625844115
"269","806822",384503.469544713,1658406.03449098,"cluster.coefficient.HL",0.355555555555556
"270","806822",384503.469544713,1658406.03449098,"cluster.coefficient.LL",0.333333333333333
"271","836071",1514503.46954471,1418406.03449098,"qTD",2.58932206123886
"272","836071",1514503.46954471,1418406.03449098,"qPD",2.13948771582021
"273","836071",1514503.46954471,1418406.03449098,"qFD",1.50282454787023
"274","836071",1514503.46954471,1418406.03449098,"connectance",0.285714285714286
"275","836071",1514503.46954471,1418406.03449098,"compartment.diversity",2.4782069486465
"276","836071",1514503.46954471,1418406.03449098,"cluster.coefficient",0.142857142857143
"277","836071",1514503.46954471,1418406.03449098,"NODF",18.5185185185185
"278","836071",1514503.46954471,1418406.03449098,"H2",0.721783155422394
"279","836071",1514503.46954471,1418406.03449098,"cluster.coefficient.HL",0.619047619047619
"280","836071",1514503.46954471,1418406.03449098,"cluster.coefficient.LL",0.327380952380952
"281","842037",474503.469544713,1368406.03449098,"qTD",3.95655139686142
"282","842037",474503.469544713,1368406.03449098,"qPD",2.88201045736475
"283","842037",474503.469544713,1368406.03449098,"qFD",1.80561400764751
"284","842037",474503.469544713,1368406.03449098,"connectance",0.285714285714286
"285","842037",474503.469544713,1368406.03449098,"compartment.diversity",2.4782069486465
"286","842037",474503.469544713,1368406.03449098,"cluster.coefficient",0.214285714285714
"287","842037",474503.469544713,1368406.03449098,"NODF",16.6666666666667
"288","842037",474503.469544713,1368406.03449098,"H2",0.853045346513258
"289","842037",474503.469544713,1368406.03449098,"cluster.coefficient.HL",0.373626373626374
"290","842037",474503.469544713,1368406.03449098,"cluster.coefficient.LL",0.288461538461538
"291","842045",554503.469544713,1368406.03449098,"qTD",2.30304019962816
"292","842045",554503.469544713,1368406.03449098,"qPD",1.81288344872523
"293","842045",554503.469544713,1368406.03449098,"qFD",1.39142594484817
"294","842045",554503.469544713,1368406.03449098,"connectance",0.238095238095238
"295","842045",554503.469544713,1368406.03449098,"compartment.diversity",2.52219381313282
"296","842045",554503.469544713,1368406.03449098,"cluster.coefficient",0.166666666666667
"297","842045",554503.469544713,1368406.03449098,"NODF",22.2222222222222
"298","842045",554503.469544713,1368406.03449098,"H2",0.333333333333333
"299","842045",554503.469544713,1368406.03449098,"cluster.coefficient.HL",0.257575757575758
"300","842045",554503.469544713,1368406.03449098,"cluster.coefficient.LL",0.454545454545455
"301","842262",2724503.46954471,1368406.03449098,"qTD",3.80902596029999
"302","842262",2724503.46954471,1368406.03449098,"qPD",3.09134481425058
"303","842262",2724503.46954471,1368406.03449098,"qFD",2.03943718213156
"304","842262",2724503.46954471,1368406.03449098,"connectance",0.214285714285714
"305","842262",2724503.46954471,1368406.03449098,"compartment.diversity",1.43650137573418
"306","842262",2724503.46954471,1368406.03449098,"cluster.coefficient",0.1
"307","842262",2724503.46954471,1368406.03449098,"NODF",28.5353535353535
"308","842262",2724503.46954471,1368406.03449098,"H2",0.664802236391066
"309","842262",2724503.46954471,1368406.03449098,"cluster.coefficient.HL",0.403333333333333
"310","842262",2724503.46954471,1368406.03449098,"cluster.coefficient.LL",0.309523809523809
"311","844467",494503.469544713,1348406.03449098,"qTD",2.66567198539212
"312","844467",494503.469544713,1348406.03449098,"qPD",2.03459536028493
"313","844467",494503.469544713,1348406.03449098,"qFD",1.50610769348973
"314","844467",494503.469544713,1348406.03449098,"connectance",0.466666666666667
"315","844467",494503.469544713,1348406.03449098,"compartment.diversity",NA
"316","844467",494503.469544713,1348406.03449098,"cluster.coefficient",0.2
"317","844467",494503.469544713,1348406.03449098,"NODF",61.5384615384615
"318","844467",494503.469544713,1348406.03449098,"H2",0.445928198621485
"319","844467",494503.469544713,1348406.03449098,"cluster.coefficient.HL",0.866666666666667
"320","844467",494503.469544713,1348406.03449098,"cluster.coefficient.LL",0.444444444444444
"321","844468",504503.469544713,1348406.03449098,"qTD",1.31525387316345
"322","844468",504503.469544713,1348406.03449098,"qPD",1.17396705580781
"323","844468",504503.469544713,1348406.03449098,"qFD",1.13338120975707
"324","844468",504503.469544713,1348406.03449098,"connectance",0.233333333333333
"325","844468",504503.469544713,1348406.03449098,"compartment.diversity",3.82712236060196
"326","844468",504503.469544713,1348406.03449098,"cluster.coefficient",0.2
"327","844468",504503.469544713,1348406.03449098,"NODF",8
"328","844468",504503.469544713,1348406.03449098,"H2",0.732304405400541
"329","844468",504503.469544713,1348406.03449098,"cluster.coefficient.HL",0.328571428571429
"330","844468",504503.469544713,1348406.03449098,"cluster.coefficient.LL",0.297619047619048
"331","845682",504503.469544713,1338406.03449098,"qTD",4.16018727399069
"332","845682",504503.469544713,1338406.03449098,"qPD",2.82084436638812
"333","845682",504503.469544713,1338406.03449098,"qFD",1.77550809899629
"334","845682",504503.469544713,1338406.03449098,"connectance",0.1
"335","845682",504503.469544713,1338406.03449098,"compartment.diversity",1.99979603203505
"336","845682",504503.469544713,1338406.03449098,"cluster.coefficient",0.05
"337","845682",504503.469544713,1338406.03449098,"NODF",24.8851939825812
"338","845682",504503.469544713,1338406.03449098,"H2",0.331466027377081
"339","845682",504503.469544713,1338406.03449098,"cluster.coefficient.HL",0.528488372093023
"340","845682",504503.469544713,1338406.03449098,"cluster.coefficient.LL",0.222515856236786
"341","845688",564503.469544713,1338406.03449098,"qTD",2.21864327729837
"342","845688",564503.469544713,1338406.03449098,"qPD",1.8395261421757
"343","845688",564503.469544713,1338406.03449098,"qFD",1.33543307766627
"344","845688",564503.469544713,1338406.03449098,"connectance",0.3
"345","845688",564503.469544713,1338406.03449098,"compartment.diversity",1.92607022425223
"346","845688",564503.469544713,1338406.03449098,"cluster.coefficient",0.333333333333333
"347","845688",564503.469544713,1338406.03449098,"NODF",22
"348","845688",564503.469544713,1338406.03449098,"H2",0.784596587674547
"349","845688",564503.469544713,1338406.03449098,"cluster.coefficient.HL",0.35
"350","845688",564503.469544713,1338406.03449098,"cluster.coefficient.LL",0.36
"351","845689",574503.469544713,1338406.03449098,"qTD",2.15182141413722
"352","845689",574503.469544713,1338406.03449098,"qPD",1.75066629081882
"353","845689",574503.469544713,1338406.03449098,"qFD",1.43340245317988
"354","845689",574503.469544713,1338406.03449098,"connectance",0.285714285714286
"355","845689",574503.469544713,1338406.03449098,"compartment.diversity",1.71635720768397
"356","845689",574503.469544713,1338406.03449098,"cluster.coefficient",0.166666666666667
"357","845689",574503.469544713,1338406.03449098,"NODF",37.962962962963
"358","845689",574503.469544713,1338406.03449098,"H2",0.360356287130209
"359","845689",574503.469544713,1338406.03449098,"cluster.coefficient.HL",0.488095238095238
"360","845689",574503.469544713,1338406.03449098,"cluster.coefficient.LL",0.438775510204082
"361","846895",494503.469544713,1328406.03449098,"qTD",3.39493026567964
"362","846895",494503.469544713,1328406.03449098,"qPD",2.29682460941321
"363","846895",494503.469544713,1328406.03449098,"qFD",1.78399044935646
"364","846895",494503.469544713,1328406.03449098,"connectance",0.214285714285714
"365","846895",494503.469544713,1328406.03449098,"compartment.diversity",3.31095776181865
"366","846895",494503.469544713,1328406.03449098,"cluster.coefficient",0.166666666666667
"367","846895",494503.469544713,1328406.03449098,"NODF",15.2777777777778
"368","846895",494503.469544713,1328406.03449098,"H2",0.797180468885217
"369","846895",494503.469544713,1328406.03449098,"cluster.coefficient.HL",0.3
"370","846895",494503.469544713,1328406.03449098,"cluster.coefficient.LL",0.257142857142857
"371","846897",514503.469544713,1328406.03449098,"qTD",2.2357494969546
"372","846897",514503.469544713,1328406.03449098,"qPD",1.97606998869095
"373","846897",514503.469544713,1328406.03449098,"qFD",1.45942741809904
"374","846897",514503.469544713,1328406.03449098,"connectance",0.7
"375","846897",514503.469544713,1328406.03449098,"compartment.diversity",NA
"376","846897",514503.469544713,1328406.03449098,"cluster.coefficient",0.7
"377","846897",514503.469544713,1328406.03449098,"NODF",60.6060606060606
"378","846897",514503.469544713,1328406.03449098,"H2",0
"379","846897",514503.469544713,1328406.03449098,"cluster.coefficient.HL",0.727272727272727
"380","846897",514503.469544713,1328406.03449098,"cluster.coefficient.LL",0.863636363636364
"381","848109",494503.469544713,1318406.03449098,"qTD",3.754223238033
"382","848109",494503.469544713,1318406.03449098,"qPD",2.55542806426331
"383","848109",494503.469544713,1318406.03449098,"qFD",1.66644610252079
"384","848109",494503.469544713,1318406.03449098,"connectance",0.185897435897436
"385","848109",494503.469544713,1318406.03449098,"compartment.diversity",1.7342471992018
"386","848109",494503.469544713,1318406.03449098,"cluster.coefficient",0.0769230769230769
"387","848109",494503.469544713,1318406.03449098,"NODF",32.8703703703704
"388","848109",494503.469544713,1318406.03449098,"H2",0.426050783255516
"389","848109",494503.469544713,1318406.03449098,"cluster.coefficient.HL",0.556740289413557
"390","848109",494503.469544713,1318406.03449098,"cluster.coefficient.LL",0.244224422442244
"391","849328",544503.469544713,1308406.03449098,"qTD",1.63767231377212
"392","849328",544503.469544713,1308406.03449098,"qPD",1.42020307439506
"393","849328",544503.469544713,1308406.03449098,"qFD",1.25657732147751
"394","849328",544503.469544713,1308406.03449098,"connectance",0.5
"395","849328",544503.469544713,1308406.03449098,"compartment.diversity",1.81896851165317
"396","849328",544503.469544713,1308406.03449098,"cluster.coefficient",0.5
"397","849328",544503.469544713,1308406.03449098,"NODF",0
"398","849328",544503.469544713,1308406.03449098,"H2",1
"399","849328",544503.469544713,1308406.03449098,"cluster.coefficient.HL",0.75
"400","849328",544503.469544713,1308406.03449098,"cluster.coefficient.LL",0.5
"401","849329",554503.469544713,1308406.03449098,"qTD",5.97608355431402
"402","849329",554503.469544713,1308406.03449098,"qPD",4.51806237652831
"403","849329",554503.469544713,1308406.03449098,"qFD",1.96671431621197
"404","849329",554503.469544713,1308406.03449098,"connectance",0.25
"405","849329",554503.469544713,1308406.03449098,"compartment.diversity",3.17003282492367
"406","849329",554503.469544713,1308406.03449098,"cluster.coefficient",0.1
"407","849329",554503.469544713,1308406.03449098,"NODF",0
"408","849329",554503.469544713,1308406.03449098,"H2",1
"409","849329",554503.469544713,1308406.03449098,"cluster.coefficient.HL",0.573684210526316
"410","849329",554503.469544713,1308406.03449098,"cluster.coefficient.LL",0.25
"411","849331",574503.469544713,1308406.03449098,"qTD",7.05555555555556
"412","849331",574503.469544713,1308406.03449098,"qPD",3.95107479534295
"413","849331",574503.469544713,1308406.03449098,"qFD",1.96725184411555
"414","849331",574503.469544713,1308406.03449098,"connectance",0.166666666666667
"415","849331",574503.469544713,1308406.03449098,"compartment.diversity",5.91938942435933
"416","849331",574503.469544713,1308406.03449098,"cluster.coefficient",0.142857142857143
"417","849331",574503.469544713,1308406.03449098,"NODF",0
"418","849331",574503.469544713,1308406.03449098,"H2",1
"419","849331",574503.469544713,1308406.03449098,"cluster.coefficient.HL",0.19047619047619
"420","849331",574503.469544713,1308406.03449098,"cluster.coefficient.LL",0.166666666666667
"421","850547",594503.469544713,1298406.03449098,"qTD",3.48214265148181
"422","850547",594503.469544713,1298406.03449098,"qPD",3.00194757319511
"423","850547",594503.469544713,1298406.03449098,"qFD",1.58296886021819
"424","850547",594503.469544713,1298406.03449098,"connectance",0.333333333333333
"425","850547",594503.469544713,1298406.03449098,"compartment.diversity",2.82842712474619
"426","850547",594503.469544713,1298406.03449098,"cluster.coefficient",0.2
"427","850547",594503.469544713,1298406.03449098,"NODF",0
"428","850547",594503.469544713,1298406.03449098,"H2",1
"429","850547",594503.469544713,1298406.03449098,"cluster.coefficient.HL",0.5
"430","850547",594503.469544713,1298406.03449098,"cluster.coefficient.LL",0.333333333333333
"431","855395",514503.469544713,1258406.03449098,"qTD",3.48214265148181
"432","855395",514503.469544713,1258406.03449098,"qPD",2.23252769827366
"433","855395",514503.469544713,1258406.03449098,"qFD",1.79764328248785
"434","855395",514503.469544713,1258406.03449098,"connectance",0.4
"435","855395",514503.469544713,1258406.03449098,"compartment.diversity",1.75476535060332
"436","855395",514503.469544713,1258406.03449098,"cluster.coefficient",0.2
"437","855395",514503.469544713,1258406.03449098,"NODF",30.7692307692308
"438","855395",514503.469544713,1258406.03449098,"H2",0.579380164285695
"439","855395",514503.469544713,1258406.03449098,"cluster.coefficient.HL",0.65
"440","855395",514503.469544713,1258406.03449098,"cluster.coefficient.LL",0.416666666666667
"441","855403",594503.469544713,1258406.03449098,"qTD",3.94153793946977
"442","855403",594503.469544713,1258406.03449098,"qPD",2.8968339120391
"443","855403",594503.469544713,1258406.03449098,"qFD",1.70688088533686
"444","855403",594503.469544713,1258406.03449098,"connectance",0.35
"445","855403",594503.469544713,1258406.03449098,"compartment.diversity",1.50699306577254
"446","855403",594503.469544713,1258406.03449098,"cluster.coefficient",0.35
"447","855403",594503.469544713,1258406.03449098,"NODF",27.9411764705882
"448","855403",594503.469544713,1258406.03449098,"H2",0.670926035108524
"449","855403",594503.469544713,1258406.03449098,"cluster.coefficient.HL",0.446666666666667
"450","855403",594503.469544713,1258406.03449098,"cluster.coefficient.LL",0.383333333333333
"451","855405",614503.469544713,1258406.03449098,"qTD",3.24049454254064
"452","855405",614503.469544713,1258406.03449098,"qPD",2.24295555501479
"453","855405",614503.469544713,1258406.03449098,"qFD",1.52790824678072
"454","855405",614503.469544713,1258406.03449098,"connectance",0.309090909090909
"455","855405",614503.469544713,1258406.03449098,"compartment.diversity",1.75476535060332
"456","855405",614503.469544713,1258406.03449098,"cluster.coefficient",0.272727272727273
"457","855405",614503.469544713,1258406.03449098,"NODF",33.0769230769231
"458","855405",614503.469544713,1258406.03449098,"H2",0.636351548445754
"459","855405",614503.469544713,1258406.03449098,"cluster.coefficient.HL",0.592207792207792
"460","855405",614503.469544713,1258406.03449098,"cluster.coefficient.LL",0.365714285714286
"461","856616",584503.469544713,1248406.03449098,"qTD",4.96356465881132
"462","856616",584503.469544713,1248406.03449098,"qPD",3.76623653382924
"463","856616",584503.469544713,1248406.03449098,"qFD",1.78320154259488
"464","856616",584503.469544713,1248406.03449098,"connectance",0.3125
"465","856616",584503.469544713,1248406.03449098,"compartment.diversity",1.5691925832142
"466","856616",584503.469544713,1248406.03449098,"cluster.coefficient",0.125
"467","856616",584503.469544713,1248406.03449098,"NODF",23.5294117647059
"468","856616",584503.469544713,1248406.03449098,"H2",0.424672514040427
"469","856616",584503.469544713,1248406.03449098,"cluster.coefficient.HL",0.725
"470","856616",584503.469544713,1248406.03449098,"cluster.coefficient.LL",0.35
"471","856617",594503.469544713,1248406.03449098,"qTD",1.96811133186873
"472","856617",594503.469544713,1248406.03449098,"qPD",1.53362335580906
"473","856617",594503.469544713,1248406.03449098,"qFD",1.28434649137612
"474","856617",594503.469544713,1248406.03449098,"connectance",0.266666666666667
"475","856617",594503.469544713,1248406.03449098,"compartment.diversity",2.4782069486465
"476","856617",594503.469544713,1248406.03449098,"cluster.coefficient",0.2
"477","856617",594503.469544713,1248406.03449098,"NODF",20
"478","856617",594503.469544713,1248406.03449098,"H2",0.806873278571435
"479","856617",594503.469544713,1248406.03449098,"cluster.coefficient.HL",0.285714285714286
"480","856617",594503.469544713,1248406.03449098,"cluster.coefficient.LL",0.416666666666667
"481","857830",584503.469544713,1238406.03449098,"qTD",1.29929889631812
"482","857830",584503.469544713,1238406.03449098,"qPD",1.19233827673474
"483","857830",584503.469544713,1238406.03449098,"qFD",1.1299839837362
"484","857830",584503.469544713,1238406.03449098,"connectance",0.3
"485","857830",584503.469544713,1238406.03449098,"compartment.diversity",1.60663079608635
"486","857830",584503.469544713,1238406.03449098,"cluster.coefficient",0.2
"487","857830",584503.469544713,1238406.03449098,"NODF",34
"488","857830",584503.469544713,1238406.03449098,"H2",0.348516923194381
"489","857830",584503.469544713,1238406.03449098,"cluster.coefficient.HL",0.628571428571429
"490","857830",584503.469544713,1238406.03449098,"cluster.coefficient.LL",0.488095238095238
"491","859044",584503.469544713,1228406.03449098,"qTD",2.21653868181013
"492","859044",584503.469544713,1228406.03449098,"qPD",1.62262600077973
"493","859044",584503.469544713,1228406.03449098,"qFD",1.31649896550831
"494","859044",584503.469544713,1228406.03449098,"connectance",0.273809523809524
"495","859044",584503.469544713,1228406.03449098,"compartment.diversity",1.40003292973449
"496","859044",584503.469544713,1228406.03449098,"cluster.coefficient",0.214285714285714
"497","859044",584503.469544713,1228406.03449098,"NODF",35.4789272030651
"498","859044",584503.469544713,1228406.03449098,"H2",0.352543038002002
"499","859044",584503.469544713,1228406.03449098,"cluster.coefficient.HL",0.457142857142857
"500","859044",584503.469544713,1228406.03449098,"cluster.coefficient.LL",0.345
"501","859045",594503.469544713,1228406.03449098,"qTD",1.82464466593319
"502","859045",594503.469544713,1228406.03449098,"qPD",1.5089214221178
"503","859045",594503.469544713,1228406.03449098,"qFD",1.3018035910093
"504","859045",594503.469544713,1228406.03449098,"connectance",0.226666666666667
"505","859045",594503.469544713,1228406.03449098,"compartment.diversity",2.25860389622362
"506","859045",594503.469544713,1228406.03449098,"cluster.coefficient",0.1
"507","859045",594503.469544713,1228406.03449098,"NODF",26.5222222222222
"508","859045",594503.469544713,1228406.03449098,"H2",0.379446688072253
"509","859045",594503.469544713,1228406.03449098,"cluster.coefficient.HL",0.403508771929825
"510","859045",594503.469544713,1228406.03449098,"cluster.coefficient.LL",0.378362573099415
"511","860260",604503.469544713,1218406.03449098,"qTD",1.67305700249568
"512","860260",604503.469544713,1218406.03449098,"qPD",1.61382393456706
"513","860260",604503.469544713,1218406.03449098,"qFD",1.30558588515866
"514","860260",604503.469544713,1218406.03449098,"connectance",0.5
"515","860260",604503.469544713,1218406.03449098,"compartment.diversity",1.81896851165317
"516","860260",604503.469544713,1218406.03449098,"cluster.coefficient",0.5
"517","860260",604503.469544713,1218406.03449098,"NODF",0
"518","860260",604503.469544713,1218406.03449098,"H2",1
"519","860260",604503.469544713,1218406.03449098,"cluster.coefficient.HL",0.764705882352941
"520","860260",604503.469544713,1218406.03449098,"cluster.coefficient.LL",0.5
"521","860261",614503.469544713,1218406.03449098,"qTD",5.49998938993598
"522","860261",614503.469544713,1218406.03449098,"qPD",3.85255451316825
"523","860261",614503.469544713,1218406.03449098,"qFD",2.06063995105317
"524","860261",614503.469544713,1218406.03449098,"connectance",0.333333333333333
"525","860261",614503.469544713,1218406.03449098,"compartment.diversity",2.88884551680244
"526","860261",614503.469544713,1218406.03449098,"cluster.coefficient",0.333333333333333
"527","860261",614503.469544713,1218406.03449098,"NODF",0
"528","860261",614503.469544713,1218406.03449098,"H2",1
"529","860261",614503.469544713,1218406.03449098,"cluster.coefficient.HL",0.395833333333333
"530","860261",614503.469544713,1218406.03449098,"cluster.coefficient.LL",0.333333333333333
"531","862687",594503.469544713,1198406.03449098,"qTD",2.87782879517659
"532","862687",594503.469544713,1198406.03449098,"qPD",2.40939780999561
"533","862687",594503.469544713,1198406.03449098,"qFD",1.65457007964239
"534","862687",594503.469544713,1198406.03449098,"connectance",0.4
"535","862687",594503.469544713,1198406.03449098,"compartment.diversity",1.75476535060332
"536","862687",594503.469544713,1198406.03449098,"cluster.coefficient",0.4
"537","862687",594503.469544713,1198406.03449098,"NODF",26.9230769230769
"538","862687",594503.469544713,1198406.03449098,"H2",0.6
"539","862687",594503.469544713,1198406.03449098,"cluster.coefficient.HL",0.46
"540","862687",594503.469544713,1198406.03449098,"cluster.coefficient.LL",0.466666666666667
"541","865156",1004503.46954471,1178406.03449098,"qTD",2.63374326421475
"542","865156",1004503.46954471,1178406.03449098,"qPD",2.1596401102201
"543","865156",1004503.46954471,1178406.03449098,"qFD",1.48458481285521
"544","865156",1004503.46954471,1178406.03449098,"connectance",0.4
"545","865156",1004503.46954471,1178406.03449098,"compartment.diversity",2
"546","865156",1004503.46954471,1178406.03449098,"cluster.coefficient",0.4
"547","865156",1004503.46954471,1178406.03449098,"NODF",15.3846153846154
"548","865156",1004503.46954471,1178406.03449098,"H2",0.797578230862306
"549","865156",1004503.46954471,1178406.03449098,"cluster.coefficient.HL",0.492307692307692
"550","865156",1004503.46954471,1178406.03449098,"cluster.coefficient.LL",0.41025641025641
"551","866367",974503.469544713,1168406.03449098,"qTD",2.71496404816223
"552","866367",974503.469544713,1168406.03449098,"qPD",2.13887881113399
"553","866367",974503.469544713,1168406.03449098,"qFD",1.49560007182942
"554","866367",974503.469544713,1168406.03449098,"connectance",0.233333333333333
"555","866367",974503.469544713,1168406.03449098,"compartment.diversity",3.62644309776592
"556","866367",974503.469544713,1168406.03449098,"cluster.coefficient",0.2
"557","866367",974503.469544713,1168406.03449098,"NODF",12
"558","866367",974503.469544713,1168406.03449098,"H2",0.729573958513622
"559","866367",974503.469544713,1168406.03449098,"cluster.coefficient.HL",0.272727272727273
"560","866367",974503.469544713,1168406.03449098,"cluster.coefficient.LL",0.287878787878788
"561","866368",984503.469544713,1168406.03449098,"qTD",1.49702678211189
"562","866368",984503.469544713,1168406.03449098,"qPD",1.30472373751291
"563","866368",984503.469544713,1168406.03449098,"qFD",1.22069471567109
"564","866368",984503.469544713,1168406.03449098,"connectance",0.228571428571429
"565","866368",984503.469544713,1168406.03449098,"compartment.diversity",3.70100863758682
"566","866368",984503.469544713,1168406.03449098,"cluster.coefficient",0.2
"567","866368",984503.469544713,1168406.03449098,"NODF",9.67741935483871
"568","866368",984503.469544713,1168406.03449098,"H2",0.842665739480793
"569","866368",984503.469544713,1168406.03449098,"cluster.coefficient.HL",0.24
"570","866368",984503.469544713,1168406.03449098,"cluster.coefficient.LL",0.333333333333333
"571","869981",694503.469544713,1138406.03449098,"qTD",3.33936851854001
"572","869981",694503.469544713,1138406.03449098,"qPD",2.22642741589706
"573","869981",694503.469544713,1138406.03449098,"qFD",1.56849682267686
"574","869981",694503.469544713,1138406.03449098,"connectance",0.266666666666667
"575","869981",694503.469544713,1138406.03449098,"compartment.diversity",2.4782069486465
"576","869981",694503.469544713,1138406.03449098,"cluster.coefficient",0.166666666666667
"577","869981",694503.469544713,1138406.03449098,"NODF",18
"578","869981",694503.469544713,1138406.03449098,"H2",0.529592087818706
"579","869981",694503.469544713,1138406.03449098,"cluster.coefficient.HL",0.375
"580","869981",694503.469544713,1138406.03449098,"cluster.coefficient.LL",0.3
"581","869983",714503.469544713,1138406.03449098,"qTD",3.48214265148181
"582","869983",714503.469544713,1138406.03449098,"qPD",2.73941923096143
"583","869983",714503.469544713,1138406.03449098,"qFD",1.64602765098056
"584","869983",714503.469544713,1138406.03449098,"connectance",0.333333333333333
"585","869983",714503.469544713,1138406.03449098,"compartment.diversity",2.82842712474619
"586","869983",714503.469544713,1138406.03449098,"cluster.coefficient",0.2
"587","869983",714503.469544713,1138406.03449098,"NODF",0
"588","869983",714503.469544713,1138406.03449098,"H2",1
"589","869983",714503.469544713,1138406.03449098,"cluster.coefficient.HL",0.45
"590","869983",714503.469544713,1138406.03449098,"cluster.coefficient.LL",0.333333333333333
"591","871193",674503.469544713,1128406.03449098,"qTD",2.55958469378906
"592","871193",674503.469544713,1128406.03449098,"qPD",2.18976051428902
"593","871193",674503.469544713,1128406.03449098,"qFD",1.46800198916114
"594","871193",674503.469544713,1128406.03449098,"connectance",0.35
"595","871193",674503.469544713,1128406.03449098,"compartment.diversity",1.88988157484231
"596","871193",674503.469544713,1128406.03449098,"cluster.coefficient",0.2
"597","871193",674503.469544713,1128406.03449098,"NODF",25
"598","871193",674503.469544713,1128406.03449098,"H2",0.5
"599","871193",674503.469544713,1128406.03449098,"cluster.coefficient.HL",0.5
"600","871193",674503.469544713,1128406.03449098,"cluster.coefficient.LL",0.425
"601","871197",714503.469544713,1128406.03449098,"qTD",3.64706982913252
"602","871197",714503.469544713,1128406.03449098,"qPD",2.77361333967792
"603","871197",714503.469544713,1128406.03449098,"qFD",1.64180767532608
"604","871197",714503.469544713,1128406.03449098,"connectance",0.257142857142857
"605","871197",714503.469544713,1128406.03449098,"compartment.diversity",2.61069062578343
"606","871197",714503.469544713,1128406.03449098,"cluster.coefficient",0.142857142857143
"607","871197",714503.469544713,1128406.03449098,"NODF",14.5161290322581
"608","871197",714503.469544713,1128406.03449098,"H2",0.841391195565445
"609","871197",714503.469544713,1128406.03449098,"cluster.coefficient.HL",0.422077922077922
"610","871197",714503.469544713,1128406.03449098,"cluster.coefficient.LL",0.254545454545455
"611","871198",724503.469544713,1128406.03449098,"qTD",6.16666666666667
"612","871198",724503.469544713,1128406.03449098,"qPD",4.41426003815202
"613","871198",724503.469544713,1128406.03449098,"qFD",1.84366695184275
"614","871198",724503.469544713,1128406.03449098,"connectance",0.4
"615","871198",724503.469544713,1128406.03449098,"compartment.diversity",1.75476535060332
"616","871198",724503.469544713,1128406.03449098,"cluster.coefficient",0.2
"617","871198",724503.469544713,1128406.03449098,"NODF",30.7692307692308
"618","871198",724503.469544713,1128406.03449098,"H2",0
"619","871198",724503.469544713,1128406.03449098,"cluster.coefficient.HL",0.6
"620","871198",724503.469544713,1128406.03449098,"cluster.coefficient.LL",0.444444444444444
"621","872400",604503.469544713,1118406.03449098,"qTD",5.49998938993598
"622","872400",604503.469544713,1118406.03449098,"qPD",3.43095148181583
"623","872400",604503.469544713,1118406.03449098,"qFD",1.97827868620683
"624","872400",604503.469544713,1118406.03449098,"connectance",0.333333333333333
"625","872400",604503.469544713,1118406.03449098,"compartment.diversity",2.88884551680244
"626","872400",604503.469544713,1118406.03449098,"cluster.coefficient",0.333333333333333
"627","872400",604503.469544713,1118406.03449098,"NODF",0
"628","872400",604503.469544713,1118406.03449098,"H2",1
"629","872400",604503.469544713,1118406.03449098,"cluster.coefficient.HL",0.416666666666667
"630","872400",604503.469544713,1118406.03449098,"cluster.coefficient.LL",0.333333333333333
"631","872404",644503.469544713,1118406.03449098,"qTD",5.4022813667379
"632","872404",644503.469544713,1118406.03449098,"qPD",3.50496170088273
"633","872404",644503.469544713,1118406.03449098,"qFD",1.91091256596241
"634","872404",644503.469544713,1118406.03449098,"connectance",0.228571428571429
"635","872404",644503.469544713,1118406.03449098,"compartment.diversity",3.70100863758682
"636","872404",644503.469544713,1118406.03449098,"cluster.coefficient",0.285714285714286
"637","872404",644503.469544713,1118406.03449098,"NODF",6.45161290322581
"638","872404",644503.469544713,1118406.03449098,"H2",0.75
"639","872404",644503.469544713,1118406.03449098,"cluster.coefficient.HL",0.246753246753247
"640","872404",644503.469544713,1118406.03449098,"cluster.coefficient.LL",0.236363636363636
"641","873648",944503.469544713,1108406.03449098,"qTD",4.76240207983257
"642","873648",944503.469544713,1108406.03449098,"qPD",3.04804551405686
"643","873648",944503.469544713,1108406.03449098,"qFD",1.78356658961307
"644","873648",944503.469544713,1108406.03449098,"connectance",0.15
"645","873648",944503.469544713,1108406.03449098,"compartment.diversity",2.35616488310564
"646","873648",944503.469544713,1108406.03449098,"cluster.coefficient",0.1
"647","873648",944503.469544713,1108406.03449098,"NODF",15.2573529411765
"648","873648",944503.469544713,1108406.03449098,"H2",0.655636784604307
"649","873648",944503.469544713,1108406.03449098,"cluster.coefficient.HL",0.2
"650","873648",944503.469544713,1108406.03449098,"cluster.coefficient.LL",0.18815331010453
"651","910111",1374503.46954471,808406.034490976,"qTD",2.74812166629746
"652","910111",1374503.46954471,808406.034490976,"qPD",2.31223231240834
"653","910111",1374503.46954471,808406.034490976,"qFD",1.49088562903031
"654","910111",1374503.46954471,808406.034490976,"connectance",0.26
"655","910111",1374503.46954471,808406.034490976,"compartment.diversity",2.87174588749259
"656","910111",1374503.46954471,808406.034490976,"cluster.coefficient",0.2
"657","910111",1374503.46954471,808406.034490976,"NODF",15.4545454545455
"658","910111",1374503.46954471,808406.034490976,"H2",0.647858996847326
"659","910111",1374503.46954471,808406.034490976,"cluster.coefficient.HL",0.294736842105263
"660","910111",1374503.46954471,808406.034490976,"cluster.coefficient.LL",0.268421052631579
"661","911326",1384503.46954471,798406.034490976,"qTD",8.5
"662","911326",1384503.46954471,798406.034490976,"qPD",5.28371926561615
"663","911326",1384503.46954471,798406.034490976,"qFD",2.22262980861682
"664","911326",1384503.46954471,798406.034490976,"connectance",0.333333333333333
"665","911326",1384503.46954471,798406.034490976,"compartment.diversity",2.82842712474619
"666","911326",1384503.46954471,798406.034490976,"cluster.coefficient",0.2
"667","911326",1384503.46954471,798406.034490976,"NODF",0
"668","911326",1384503.46954471,798406.034490976,"H2",NA
"669","911326",1384503.46954471,798406.034490976,"cluster.coefficient.HL",0.44
"670","911326",1384503.46954471,798406.034490976,"cluster.coefficient.LL",0.333333333333333
"671","917416",1584503.46954471,748406.034490976,"qTD",2.68591715462465
"672","917416",1584503.46954471,748406.034490976,"qPD",2.25511357833962
"673","917416",1584503.46954471,748406.034490976,"qFD",1.48454836789803
"674","917416",1584503.46954471,748406.034490976,"connectance",0.388888888888889
"675","917416",1584503.46954471,748406.034490976,"compartment.diversity",1.98766697500242
"676","917416",1584503.46954471,748406.034490976,"cluster.coefficient",0.333333333333333
"677","917416",1584503.46954471,748406.034490976,"NODF",11.1111111111111
"678","917416",1584503.46954471,748406.034490976,"H2",0.815719548474182
"679","917416",1584503.46954471,748406.034490976,"cluster.coefficient.HL",0.552631578947368
"680","917416",1584503.46954471,748406.034490976,"cluster.coefficient.LL",0.403508771929825
"681","929537",1394503.46954471,648406.034490976,"qTD",5.49998938993598
"682","929537",1394503.46954471,648406.034490976,"qPD",4.67594187047814
"683","929537",1394503.46954471,648406.034490976,"qFD",1.94584420976596
"684","929537",1394503.46954471,648406.034490976,"connectance",0.291666666666667
"685","929537",1394503.46954471,648406.034490976,"compartment.diversity",2.80009407285383
"686","929537",1394503.46954471,648406.034490976,"cluster.coefficient",0.333333333333333
"687","929537",1394503.46954471,648406.034490976,"NODF",9.52380952380952
"688","929537",1394503.46954471,648406.034490976,"H2",0.5
"689","929537",1394503.46954471,648406.034490976,"cluster.coefficient.HL",0.3125
"690","929537",1394503.46954471,648406.034490976,"cluster.coefficient.LL",0.3125
"691","933176",1364503.46954471,618406.034490976,"qTD",2.83754140663262
"692","933176",1364503.46954471,618406.034490976,"qPD",2.17458152041778
"693","933176",1364503.46954471,618406.034490976,"qFD",1.62776959489285
"694","933176",1364503.46954471,618406.034490976,"connectance",0.25
"695","933176",1364503.46954471,618406.034490976,"compartment.diversity",2.52219381313282
"696","933176",1364503.46954471,618406.034490976,"cluster.coefficient",0.2
"697","933176",1364503.46954471,618406.034490976,"NODF",14.0350877192982
"698","933176",1364503.46954471,618406.034490976,"H2",0.687675440224201
"699","933176",1364503.46954471,618406.034490976,"cluster.coefficient.HL",0.294117647058824
"700","933176",1364503.46954471,618406.034490976,"cluster.coefficient.LL",0.279411764705882
"701","933400",3604503.46954471,618406.034490976,"qTD",3.12575243443721
"702","933400",3604503.46954471,618406.034490976,"qPD",2.66333355802825
"703","933400",3604503.46954471,618406.034490976,"qFD",1.65219838717928
"704","933400",3604503.46954471,618406.034490976,"connectance",1
"705","933400",3604503.46954471,618406.034490976,"compartment.diversity",NA
"706","933400",3604503.46954471,618406.034490976,"cluster.coefficient",1
"707","933400",3604503.46954471,618406.034490976,"NODF",NA
"708","933400",3604503.46954471,618406.034490976,"H2",NA
"709","933400",3604503.46954471,618406.034490976,"cluster.coefficient.HL",1
"710","933400",3604503.46954471,618406.034490976,"cluster.coefficient.LL",1
"711","936834",1524503.46954471,588406.034490976,"qTD",2.4013750674684
"712","936834",1524503.46954471,588406.034490976,"qPD",2.04090406613844
"713","936834",1524503.46954471,588406.034490976,"qFD",1.50546787815864
"714","936834",1524503.46954471,588406.034490976,"connectance",0.240740740740741
"715","936834",1524503.46954471,588406.034490976,"compartment.diversity",3.04182170946603
"716","936834",1524503.46954471,588406.034490976,"cluster.coefficient",0.166666666666667
"717","936834",1524503.46954471,588406.034490976,"NODF",23.8562091503268
"718","936834",1524503.46954471,588406.034490976,"H2",0.689912373326889
"719","936834",1524503.46954471,588406.034490976,"cluster.coefficient.HL",0.265432098765432
"720","936834",1524503.46954471,588406.034490976,"cluster.coefficient.LL",0.345679012345679
"721","951602",3524503.46954471,468406.034490976,"qTD",3.48214265148181
"722","951602",3524503.46954471,468406.034490976,"qPD",2.70516335893654
"723","951602",3524503.46954471,468406.034490976,"qFD",2.03842315884509
"724","951602",3524503.46954471,468406.034490976,"connectance",0.333333333333333
"725","951602",3524503.46954471,468406.034490976,"compartment.diversity",2.82842712474619
"726","951602",3524503.46954471,468406.034490976,"cluster.coefficient",0.2
"727","951602",3524503.46954471,468406.034490976,"NODF",0
"728","951602",3524503.46954471,468406.034490976,"H2",1
"729","951602",3524503.46954471,468406.034490976,"cluster.coefficient.HL",0.5
"730","951602",3524503.46954471,468406.034490976,"cluster.coefficient.LL",0.333333333333333
"731","1008416",1084503.46954471,-1593.96550902352,"qTD",4.90653204702135
"732","1008416",1084503.46954471,-1593.96550902352,"qPD",3.06467519514368
"733","1008416",1084503.46954471,-1593.96550902352,"qFD",1.74431305260223
"734","1008416",1084503.46954471,-1593.96550902352,"connectance",0.12
"735","1008416",1084503.46954471,-1593.96550902352,"compartment.diversity",7.19223093324864
"736","1008416",1084503.46954471,-1593.96550902352,"cluster.coefficient",0.1
"737","1008416",1084503.46954471,-1593.96550902352,"NODF",4.44444444444444
"738","1008416",1084503.46954471,-1593.96550902352,"H2",0.717589003301936
"739","1008416",1084503.46954471,-1593.96550902352,"cluster.coefficient.HL",0.173684210526316
"740","1008416",1084503.46954471,-1593.96550902352,"cluster.coefficient.LL",0.152631578947368
"741","1009631",1094503.46954471,-11593.9655090235,"qTD",1.74335970215029
"742","1009631",1094503.46954471,-11593.9655090235,"qPD",1.657603980865
"743","1009631",1094503.46954471,-11593.9655090235,"qFD",1.26766745604888
"744","1009631",1094503.46954471,-11593.9655090235,"connectance",0.28
"745","1009631",1094503.46954471,-11593.9655090235,"compartment.diversity",2.80009407285383
"746","1009631",1094503.46954471,-11593.9655090235,"cluster.coefficient",0.2
"747","1009631",1094503.46954471,-11593.9655090235,"NODF",10
"748","1009631",1094503.46954471,-11593.9655090235,"H2",0.748711514898582
"749","1009631",1094503.46954471,-11593.9655090235,"cluster.coefficient.HL",0.307692307692308
"750","1009631",1094503.46954471,-11593.9655090235,"cluster.coefficient.LL",0.353846153846154
"751","1010846",1104503.46954471,-21593.9655090235,"qTD",1.21675663225251
"752","1010846",1104503.46954471,-21593.9655090235,"qPD",1.20856784160494
"753","1010846",1104503.46954471,-21593.9655090235,"qFD",1.12040095396944
"754","1010846",1104503.46954471,-21593.9655090235,"connectance",0.266666666666667
"755","1010846",1104503.46954471,-21593.9655090235,"compartment.diversity",2.03132446927048
"756","1010846",1104503.46954471,-21593.9655090235,"cluster.coefficient",0.2
"757","1010846",1104503.46954471,-21593.9655090235,"NODF",33.8815789473684
"758","1010846",1104503.46954471,-21593.9655090235,"H2",0.506119278924493
"759","1010846",1104503.46954471,-21593.9655090235,"cluster.coefficient.HL",0.38421052631579
"760","1010846",1104503.46954471,-21593.9655090235,"cluster.coefficient.LL",0.521929824561403
"761","1013277",1134503.46954471,-41593.9655090235,"qTD",2.14752380681253
"762","1013277",1134503.46954471,-41593.9655090235,"qPD",2.00068433199113
"763","1013277",1134503.46954471,-41593.9655090235,"qFD",1.43088775892842
"764","1013277",1134503.46954471,-41593.9655090235,"connectance",0.1875
"765","1013277",1134503.46954471,-41593.9655090235,"compartment.diversity",4.71065067421325
"766","1013277",1134503.46954471,-41593.9655090235,"cluster.coefficient",0.166666666666667
"767","1013277",1134503.46954471,-41593.9655090235,"NODF",4.65116279069767
"768","1013277",1134503.46954471,-41593.9655090235,"H2",1
"769","1013277",1134503.46954471,-41593.9655090235,"cluster.coefficient.HL",0.184210526315789
"770","1013277",1134503.46954471,-41593.9655090235,"cluster.coefficient.LL",0.256578947368421
"771","1015703",1114503.46954471,-61593.9655090235,"qTD",1.83835495265783
"772","1015703",1114503.46954471,-61593.9655090235,"qPD",1.4902302238097
"773","1015703",1114503.46954471,-61593.9655090235,"qFD",1.36149481432805
"774","1015703",1114503.46954471,-61593.9655090235,"connectance",0.416666666666667
"775","1015703",1114503.46954471,-61593.9655090235,"compartment.diversity",1.64938488846612
"776","1015703",1114503.46954471,-61593.9655090235,"cluster.coefficient",0.416666666666667
"777","1015703",1114503.46954471,-61593.9655090235,"NODF",47.6190476190476
"778","1015703",1114503.46954471,-61593.9655090235,"H2",0.722048947933341
"779","1015703",1114503.46954471,-61593.9655090235,"cluster.coefficient.HL",0.40990990990991
"780","1015703",1114503.46954471,-61593.9655090235,"cluster.coefficient.LL",0.412162162162162
"781","1132660",5244503.46954471,-1021593.96550902,"qTD",1.50977142857629
"782","1132660",5244503.46954471,-1021593.96550902,"qPD",1.42239992253379
"783","1132660",5244503.46954471,-1021593.96550902,"qFD",1.12956304808834
"784","1132660",5244503.46954471,-1021593.96550902,"connectance",0.388888888888889
"785","1132660",5244503.46954471,-1021593.96550902,"compartment.diversity",1.69843323402318
"786","1132660",5244503.46954471,-1021593.96550902,"cluster.coefficient",0.166666666666667
"787","1132660",5244503.46954471,-1021593.96550902,"NODF",27.7777777777778
"788","1132660",5244503.46954471,-1021593.96550902,"H2",0.579554120956695
"789","1132660",5244503.46954471,-1021593.96550902,"cluster.coefficient.HL",0.819444444444444
"790","1132660",5244503.46954471,-1021593.96550902,"cluster.coefficient.LL",0.413194444444444
"791","1253932",3964503.46954471,-2021593.96550902,"qTD",3.01051933173969
"792","1253932",3964503.46954471,-2021593.96550902,"qPD",2.3151405241701
"793","1253932",3964503.46954471,-2021593.96550902,"qFD",1.58866950969177
"794","1253932",3964503.46954471,-2021593.96550902,"connectance",0.233333333333333
"795","1253932",3964503.46954471,-2021593.96550902,"compartment.diversity",3.82712236060196
"796","1253932",3964503.46954471,-2021593.96550902,"cluster.coefficient",0.2
"797","1253932",3964503.46954471,-2021593.96550902,"NODF",8
"798","1253932",3964503.46954471,-2021593.96550902,"H2",0.685331478961586
"799","1253932",3964503.46954471,-2021593.96550902,"cluster.coefficient.HL",0.26
"800","1253932",3964503.46954471,-2021593.96550902,"cluster.coefficient.LL",0.266666666666667
"801","1317092",4284503.46954471,-2541593.96550902,"qTD",4.72500203023704
"802","1317092",4284503.46954471,-2541593.96550902,"qPD",3.04241862350869
"803","1317092",4284503.46954471,-2541593.96550902,"qFD",1.71328977890208
"804","1317092",4284503.46954471,-2541593.96550902,"connectance",0.194444444444444
"805","1317092",4284503.46954471,-2541593.96550902,"compartment.diversity",4.7622031559046
"806","1317092",4284503.46954471,-2541593.96550902,"cluster.coefficient",0.166666666666667
"807","1317092",4284503.46954471,-2541593.96550902,"NODF",6.66666666666667
"808","1317092",4284503.46954471,-2541593.96550902,"H2",0.592163821931731
"809","1317092",4284503.46954471,-2541593.96550902,"cluster.coefficient.HL",0.222222222222222
"810","1317092",4284503.46954471,-2541593.96550902,"cluster.coefficient.LL",0.222222222222222
"811","1362013",4314503.46954471,-2911593.96550902,"qTD",1.77224277712214
"812","1362013",4314503.46954471,-2911593.96550902,"qPD",1.64244805823024
"813","1362013",4314503.46954471,-2911593.96550902,"qFD",1.30797817835951
"814","1362013",4314503.46954471,-2911593.96550902,"connectance",0.25
"815","1362013",4314503.46954471,-2911593.96550902,"compartment.diversity",3.93111209131334
"816","1362013",4314503.46954471,-2911593.96550902,"cluster.coefficient",0.2
"817","1362013",4314503.46954471,-2911593.96550902,"NODF",0
"818","1362013",4314503.46954471,-2911593.96550902,"H2",1
"819","1362013",4314503.46954471,-2911593.96550902,"cluster.coefficient.HL",0.253333333333333
"820","1362013",4314503.46954471,-2911593.96550902,"cluster.coefficient.LL",0.25
